,title,category
0,"데뷔 70주년 백건우 ""음악은 끝없는 여정, 은퇴는 의미 없어""",Culture
1,전국 대부분 흐린 하늘 속 '봄비' 소식…낮 최고기온 22도,Culture
2,내일 오전까지 전국 봄비…제주 최대 100㎜[날씨],Culture
3,'퐁피두센터 한화' 6월 개관...피카소 작품 등 전시,Culture
4,한강의 ‘눈부신 우울함’… 4·3 상흔을 어루만지다,Culture
5,‘아시아 대표’ 대신 중화권 미술품 장터 된 아트바젤 홍콩,Culture
6,3월 마지막 날 오전까지 봄비…미세먼지 씻고 포근(종합),Culture
7,"'이 음료' 유혹에 절대 안 넘어가… 장윤주, 완벽 몸매 관리 비결일까?",Culture
8,외국인 10명 중 3명 ‘한류 비호감’... 원인은 다양성 몰이해·비윤리 유명인,Culture
9,"갑자기 극심한 건망증 70대女, 알고 보니 치매 아니라 뜻밖의 ‘이 병’?",Culture
10,"백내장 재수술 ""인공수정체 탈구, 공막고정술로 시력 회복""",Culture
11,유명작품마다 문전성시…'붉게 달아오른 홍콩',Culture
12,"""SK하닉 뛰어넘는 성과급"" 제안도 뿌리친 삼성 노조",Culture
13,“사줄 형편이 안 돼”…아이에게 ‘돈 얘기’ 어디까지 해야 할까,Culture
14,[날씨] 내일 오전까지 전국 봄비…강한 비바람 주의,Culture
15,[퇴근길 날씨] 내일 오전까지 전국에 ‘봄비’…해안가·제주 강풍,Culture
16,"관절 영양제 ‘콘드로이친’, 제품마다 효과 천차만별… 이유는?",Culture
17,"""인파 쏠렸지만 쓴 돈은""...BTS 컴백 광화문 결제액 보니",Culture
18,"에이비엘바이오, 네옥 바이오에 380억 추가 투입… ADC 임상 가속화",Culture
19,"""원인 몰랐던 소아 신경발달장애"" 비암호화 유전자 변이로 풀렸다",Culture
20,"국립중앙박물관, 19년만에 유료화 전환…""내년부터 입장료 받는다""",Culture
21,"김종철 방미통위원장 “청소년 SNS 규제, 연령별·단계적 접근 필요”",Culture
22,엄마 따라 '간호사의 길'을 가겠다는 아들을 보며,Culture
23,한방의료계 반발에…車사고 보험환자 ‘8주룰’ 도입 지연,Culture
24,"“몸매 비결일까” 장윤주가 먹는 ‘이 음식’, 근손실 막는다",Culture
25,"원자재 대란·물류비 폭탄에 차량 5부제까지… 車 업계, 겹악재에 신음",Culture
26,"지선 앞두고 쏟아지는 '의료공약'에…""표심잡이 공약 남발"" 의료계 비판",Culture
27,"빨라진 봄꽃 시계, 이젠 '3월 벚꽃'이 뉴노멀…이번 주 만개할 듯",Culture
28,[날씨] 밤사이 전국 봄비 확대…제주 산지 호우 주의보,Culture
29,"4만원 숙소, 14만원까지 뛰었다...""벚꽃 뷰 즐기자"" 방 잡기 전쟁",Culture
30,"'한강의 기적'에 서점 매출 4배 껑충…""상 받으면 책이 팔린다""",Culture
31,"“아침에 한 스푼 꼭 먹어” 솔라, 체중 관리 돕는 ‘이것’ 먹던데… 뭐지?",Culture
32,제주의 또 다른 매력... '봄날의 선물'을 건네준 우도,Culture
33,비(非) 언어가 재료입니다…뉴욕의 '유일한' 김밥집 [유지혜의 우연한 뉴욕],Culture
34,“인스턴트 먹다 19살 혈압 220?” 의사 경악한 2030 건강 상태…“대사 다 무너졌다”,Culture
35,탈모 예방 '베스트셀러' 검은콩의 진실,Culture
36,자녀가 ‘우울 불안’ 겪는다면… “‘이것’ 사용시간 점검해야” 뭘까?,Culture
37,"쫄깃한 쭈꾸미와 대저토마토 만남, 결과는 대성공입니다",Culture
38,"'스타 번역가' 황석희, 성범죄 의혹 파장… SNS 글만 남기고 ‘침묵’",Culture
39,"""200억 기부하고도 욕먹네""..김장훈, 궁핍한 월세살이 해명",Culture
40,"껍질 벗기는 순간부터 조직 손상… 마늘, ‘이럴 땐’ 버려라",Culture
41,"[생각해봅시다]안락사와 돌봄, 무엇이 존엄한 삶 만드나요",Culture
42,"'中 내수 포화' BYD, 해외 광폭행보…韓 공습도 가속",Culture
43,"두쫀쿠 석달, 봄동 비빔밥 한달…먹거리 유행 ‘초단기화’ 이유는?",Culture
44,"""경기 남부지역 진료 걱정 끝"" 9년 뒤 문 여는 '동탄고대병원', 청사진은",Culture
45,“신장 이식했더니 빈혈까지 좋아져”…학계도 놀랐다,Culture
46,“입맛 잃은 위고비 이용자 잡아라”…美 ‘GLP-1 친화 식품’ 인기,Culture
47,"길거리 흡연 중학생, 명현만 훈계에…욕설에 신고 '적반하장'",Culture
48,PA 200명 투입 한양대병원… 업무 가중에 ‘노조 투쟁’ 예고,Culture
49,"[기고] 진화론은 왜 허구인가, 성경적(영적)으로 본 진화론 3<36>",Culture
50,"""아침 거르면 오히려 독 된다""⋯'이렇게' 먹어야 지방·혈당 잡는 '완벽한 식사'",Culture
51,금연하면 파킨슨병 위험 더 높다? 오히려 전조증상 때문에 진단 전 담배 끊었을 가능성 높아,Culture
52,살 안 쪘는데 배만 볼록? 증상 없다고 방심하다간…[헬시타임],Culture
53,여든 살의 백건우…“음악 세계 넓은데 인생 너무 짧아”,Culture
54,치매는 기억력 질환?…로빈 윌리엄스·브루스 윌리스가 보여준 ‘다른 시작’[노화설계],Culture
55,"80세 백건우 ""인생 너무 짧아…이제부턴 자유롭게 음악 즐길 것""(종합)",Culture
56,모터쇼가 변했다...미래 기술 과시서 판매 경쟁 무대로,Culture
57,[내일 날씨] 전국 대체로 흐려…새벽 대부분 지역 비 내려,Culture
58,48시간이면 충분…홍콩 ‘주말 여행지’ 급부상,Culture
59,동탄에 ‘미래병원’ 짓는 고려대의료원… “수도권 남부 의료지형 바뀔 것”,Culture
60,"“매일 운동하는데 별로 안 건강해져” 중년의 운동, 핵심은?",Culture
61,"고려대 제4병원, ""동탄 넘어 수도권 남부 의료지형 바꾼다""",Culture
62,장수 1위 일본의 반전…“정답은 생선이 아니었다” [노화설계],Culture
63,"“서울 원정진료 없게” 고려대, 동탄에 ‘AI 에이전틱 병원’ 세운다",Culture
64,"김태리, 슬림한 체형 비결?… “아침 3가지 조합”, 혈당 안정 최고?",Culture
65,"금, 은값 변동에...가격 올리고 대체소재 찾는 주얼리 업체들",Culture
66,라면보다 메밀국수…밀가루 면보다 영양 균형 좋아,Culture
67,"70대 거장부터 2030대 스타까지…올봄 클래식, 피아노로 물든다",Culture
68,[날씨] 서울 벚꽃 평년보다 열흘 일찍 개화…전국 봄비,Culture
69,"데뷔 70주년, 80세 생일 맞은 백건우 “음악인에게 은퇴 의미 없어”",Culture
70,산부인과 전문의 개설 의원 중 분만하는 병원은 겨우 7%...인프라 붕괴 현실화,Culture
71,"노사갈등에 현대차 캐스퍼 출고 하세월…BYD, 틈새 파고든다",Culture
72,[시니어그룹] 인공지능(AI)에도 끄떡없는 직업은?,Culture
73,"모형으로 만든 청계천 오간수문, 왜 내가 부끄러운 건지",Culture
74,음악인생 70주년 맞은 백건우 “은퇴란 의미 없다”,Culture
75,'왕사남'이 달군 역사물 신드롬 '내 이름은'으로 번진다,Culture
76,"전세계 2만명에 물었더니 10명 중 7명 ""한국 좋아""…1위 스타는 BTS",Culture
77,"“백내장 검사가 200만 원? 말이 돼?”...들쑥날쑥 비급여, 국민 의견 듣는다 [헬시타임]",Culture
78,"“피부 비결 이거였나” 지수, 365일 ‘이것’ 바른다는데… 뭐지?",Culture
79,BTS·오겜에 빠진 외국인들…10명 중 7명 “한류 좋아요”,Culture
80,"중동전쟁 '한달' 제약·바이오 고심…""원자재 수급 불안·증시 우려""",Culture
81,"이정현, 김밥에 ‘이것’ 듬뿍 넣던데… “염증 없애준다”",Culture
82,"재미 뒤에 숨은 ‘경고’…‘베팅 온 팩트’, 가짜뉴스 시대의 새 예능",Culture
83,나시족의 성지와 고향에 가다,Culture
84,"""재산도 외모도 아니었다"" 예순에 비로소 깨달은 3가지",Culture
85,아플 때마다 '아는 의사' 찾는 현실... '내 주치의'는 노후 준비에 필수,Culture
86,"""정상 체중이라도 안심은 금물""…복부비만이면 고요산혈증 위험↑",Culture
87,동맥경화 있을 때 LDL 콜레스테롤 더 적극적으로 낮추면··· 사망·심근경색 위험 30% 줄어,Culture
88,기억력은 멀쩡한데…‘시각 치매’ ‘낙상 치매’ 먼저 온다,Culture
89,끊어졌던 한양도성길 하나로 연결한다[서울25],Culture
90,[오후날씨 꿀팁] 점차 전국에 ‘비’…내일 오전에 그쳐요,Culture
91,“암보다 무서워” 26년차 의사가 경고한 ‘이 병’… 뭐지?,Culture
92,"밤마다 '이 행동' 했더니⋯안구 건조·망막 손상·백내장, 눈 건강 무너졌다",Culture
93,LDL 콜레스테롤 기존 기준보다 낮게 유지하니...심혈관 질환 발생 30%↓,Culture
94,"당뇨 고위험군, 강력한 콜레스테롤 약 쓰면 첫 심장마비·뇌졸중 31% 줄어",Culture
95,"대장암 이렇게 많아 “또, 3만 2610명”… 항문 절제 위험 있는 직장암은?",Culture
96,“하루 30분 빠르게 걸어보세요”…젊은여성 몸 속 ‘항암’ 물질 쑥,Culture
97,아흔 할아버지 일기 보며 구상...김진표가 ‘악필 대회’ 여는 이유 [비크닉],Culture
98,버스 타려고 뛰어도 운동이 될까?…'단 몇 분' 격렬한 활동이 당뇨병·심혈관에 미치는 영향 [수민이가 궁금해요],Culture
99,"현대차그룹, 美 IIHS '2026 최고 안전한 차' 16개 부문 석권",Culture
100,"팔순 생일에 연주 앞둔 백건우 ""음악세계 넓은데 인생 너무 짧아""",Culture
101,"“날씨보다 입맛”…한국 MZ, 일본 여행에 푹 빠진 이유 [트렌디깅]",Culture
102,"본정통에서 성안길로, 청주가 걸어온 길",Culture
103,청라하늘대교 심야 ‘오토바이 소음 스트레스’ 근절되나,Culture
104,“휘재야 너무 감동이었다”…4년만에 복귀 이휘재 ‘단체 사진’ 눈길,Culture
105,‘나쁜 콜레스테롤’ 확 낮췄더니…심혈관 사건 30% 이상 줄었다,Culture
106,"고문 피해자로 38년 ""내가 겪은 비극의 서사가...""",Culture
107,“군대 동기 한번 모아볼까”…4월 ‘예비군’ 할인·무료 혜택 ‘팡팡’,Culture
108,[날씨] 서울 벚꽃 공식 개화…오늘~내일 전국 봄비,Culture
109,"운동 시간보다 ‘강도’…하루 2~3분 고강도 활동, 치매 63%↓·당뇨 60%↓[노화설계]",Culture
110,"스위스항공, ‘스위스 센스’로 韓 공략…프리미엄 항공 수요 정조준",Culture
111,"""눈으로 봐도 뚜렷""… 40대 女 대변서 직접 기생충 발견, 집에서 감염됐다고?",Culture
112,"길거리 흡연 중학생, 190㎝ 명현만 선수 훈계에…경찰신고",Culture
113,"[날씨] 오늘 전국 단비, 건조특보 해제...제주 강풍 동반 많은 비",Culture
114,"""기다리면 무료"" 안 통했다…K웹툰, 佛 '소장 문화' 벽 넘을 전략은",Culture
115,[날씨] 밤 되면 중부지방도 비…제주 지역 '강한 비' 주의,Culture
116,아침에 먹으면 살 덜 찐다?…英 BBC “살 빼려면 먹는 시간 중요”,Culture
117,67만 명 몰렸다... 논산딸기축제 '대박'의 진짜 이유,Culture
118,"'성범죄 전과' 보도에 황석희 번역가 ""변호사와 검토 중""",Culture
119,"尹정부 시절 한국 상대적 빈곤율, OECD 9번째로 심각했다",Culture
120,"""통합 효과 체감하게"" 전남광주통합 특별법 시행령 공개",Culture
121,"길거리 흡연 중학생, 190㎝ 명현만 선수 훈계에…되레 경찰신고",Culture
122,"""내 귀에 차임벨 소리""...일본사회 불안 포착한 영화 '차임' '폭탄'",Culture
123,청소년 1만명 중 1.1명 자해·자살 사망…갈등에 의한 시도 553%↑,Culture
124,씨 마르는 전통 한식…조선 수라상 살려낸 최후의 보루[문화人인터뷰],Culture
125,외국인 10명 중 7명 한류 “좋아요”…한국하면? ‘K팝’,Culture
126,"이현정·최주하·임혜원, 日 바이올린 콩쿠르서 1~3위 차지",Culture
127,"‘역대급 실적’ 제약·바이오, 임직원 연봉 인상엔 인색?",Culture
128,<11> 이덕성의 편지[석한남의 붓길따라 사연따라],Culture
129,"""난리 나니까 사과하는 척""…홍서범·조갑경 전 며느리 반발, 왜? [포크뉴스]",Culture
130,"국립중앙박물관, 이제 돈 낸다…5000원~1만원 거론",Culture
131,‘퐁피두센터 한화’ 6월 4일 여의도서 문 연다,Culture
132,[내일날씨] 새벽 전국 곳곳 비…오전에 대부분 그쳐,Culture
133,치킨 팔아 '테마파크'를 세웠다…100년째 줄서는 식당의 비결 [류재도의 테마가 있는 다이닝],Culture
134,20분이면 감염병 판별…유전자가위 기술로 암 진단으로도 확장,Culture
135,[날씨] 오늘 전국 건조함 달래줄 단비…제주·남해안 호우,Culture
136,"“하루 30분만 걸어라”…젊은 여성, 유방암 위험 낮춘다",Culture
137,"정부, '의정 갈등' 속 중증진료 유지한 병원에 1조 지급",Culture
138,"“버리면 손해, 다시 쓰면 절약” 고물가 시대, 식비 줄이는 ‘음식물 활용법’",Culture
139,재량 15%·의무 10% 절감…'성장동력' 키울 내년 예산 '승부수',Culture
140,"봄철 입냄새, 단순 불쾌감 아니다…구강 건조가 부르는 건강 신호",Culture
141,거울 앞에 차렷 하고 섰을 때 손등이 많이 보인다면 이미 ‘이 증상’,Culture
142,"""몸에 쓰레기 붓는 꼴""…의사들 절대 안 먹는 '아침 식단' 정체 [건강!톡]",Culture
143,"전이성 간암, “경동맥 국소 치료가 전신항암보다 생존율 2배 높다”",Culture
144,[날씨체크] 대체적으로 흐린 하늘에 비 소식···온화한 낮 지속,Culture
145,아우디 'A6' 반복 결함 논란…10차례 수리에도 '기어 먹통',Culture
146,"돌직구 직소폭포, 로맨틱 채석강…춘흥 깃든 변산반도, 노약자도 거침없다[함영훈의 멋·맛·쉼]",Culture
147,[부산일보 오늘의 운세] 3월 31일(음 2월 13일),Culture
148,"“꼿꼿한 허리·풍성한 머리숱”…94세 이길여 총장, ‘최강동안’ 근황",Culture
149,“납 기준치 549배” 자녀 준비물 ‘여기’서 샀다면 확인… 싼 이유 있었다,Culture
150,"현영, 50대 이후 어려워진 다이어트… “‘이것’ 해서 4kg 감량”",Culture
151,"‘11kg 감량’ 신봉선, ‘이 음식’에 푹 빠졌던데… 살 잘 빠진다고?",Culture
152,"외국인 10명 중 7명 ""한류 호감""…BTS, 8년 연속 선호 1위",Culture
153,LDL 콜레스테롤 ‘이만큼’ 낮춰야 심근경색 위험 30% 감소,Culture
154,"삼성바이오로직스, 창사 첫 파업 맞나… 노조 찬성 95%",Culture
155,“한국은 공휴일에도 약국 연다고?”… 외국인들 감탄하는 ‘당번약국’,Culture
156,"“삼겹살 900원대”… 대형마트, 장바구니 물가 잡기 사활 건 ‘반값 전쟁’",Culture
157,“거짓말 같은 가격”… 만우절 맞이 ‘3900원 와퍼’ 출격,Culture
158,"‘월 2900원에 최대 7만원 적립’… G마켓, ‘꼭’ 멤버십",Culture
159,"“아침에 산 옷, 저녁에 입는다”… CJ온스타일, ‘오늘 도착’ 물동량 252%↑",Culture
160,"차 안에서 노래 듣다가 쿵, 엄마가 경청한 가사 한 줄",Culture
161,"중앙대의료원, 남양주에 1000병상 규모 병원 건립",Culture
162,"한류 경험자 10명 중 7명 '한국 호감'…BTS, 영향력 있는 스타 1위",Culture
163,"또 조회수 대박…‘충주맨’ 김선태, BBQ 회장 만나 벌인 일",Culture
164,“광주서 롯데 4성 전략 통할까”…호텔시장 변화 주목,Culture
165,"""결혼도 실속있게""…웨딩드레스 직접 골라 셀프 촬영이 '대세'",Culture
166,왜 이렇게 진해?...소변 색깔에 나타나는 건강 상태,Culture
167,외국인 10명 중 7명 “한류 좋아”…최고 선호 스타는 BTS,Culture
168,[약손+] 암보다 무섭다 ‘치매’ 바로 알기 ③항우울제 복용은 치매 위험을 높인다?,Culture
169,"BTS 신드롬, '관광 대국 코리아'의 문을 열다",Culture
170,"진종오 ""상습 암표상에게 더 무겁게""…가중처벌 법안 발의",Culture
171,‘한국서 20년’ 중국인 가장…생의 끝에서 4명에 생명나눔,Culture
172,[930 날씨] 전국 대부분 비…제주·영남 해안 강풍 주의,Culture
173,"삼척 해상 스카이워크, 77m 상공서 즐기는 '동해의 비경'",Culture
174,"휴온스그룹, 분기당 200원·연간 800원 배당 계획…주주가치 제고",Culture
175,'유럽도 제쳤네'…한국 MZ들 열광한 최애 여행지 어디길래,Culture
176,홍콩 경유 외국인도 휴대폰 열어라…거부땐 징역 1년,Culture
177,외국인 10명 중 7명 '한류' 호감…韓 대표 이미지는 'K팝',Culture
178,"매일 쓰는 수면 안대, 언제 세탁하셨나요?",Culture
179,"450년 전 그 길…퇴계 마지막 귀향길, 270㎞ 대장정 시작",Culture
180,"‘왕사녀’ 정순왕후-단종 짧고 굵은 사랑, 영도교에 산수유 활짝[함영훈의 멋·맛·쉼]",Culture
181,"“비싸도? 아니 비싸야 잘 팔린다”…패션업계, 프리미엄 전략 확대 이유는",Culture
182,"뮤지컬 ‘데스노트’, 4년 만에 누적관객 50만 돌파…공연 2주 연장",Culture
183,"""아침 식사법만 바꿔도 확 달라집니다"" 전문가가 추천한 방법은?",Culture
184,HLB 담관암 신약 FDA 우선심사 대상 결정…9월 내 승인,Culture
185,"K-콘텐츠, 미국·유럽서도 호감 상승…BTS, ‘영향력 있는 한류 스타’ 1위",Culture
186,"3월에 나타난 모기, 한숨 쉴 시간이 없다",Culture
187,"해외 10명 중 7명 ""한류 콘텐츠 좋아""…케이팝 9년 연속 1위",Culture
188,하루 몇 분도 괜찮다… 치매·당뇨 위험 60% 낮추는 운동,Culture
189,"美, 해외여행 포기…고물가 여파에 '스테이케이션' 확산",Culture
190,"교육 민원 1년새 1.6배 늘어…권익위, '민원주의보' 발령",Culture
191,역시 BTS…외국인들이 가장 선호하는 한국 가수 8년 연속 ‘1위’,Culture
192,이혁재 “내가 좌파 연예인이었어도 이랬을까…어디 가서 살라는 거냐”,Culture
193,"""콜레스테롤, 더 낮출수록 안전""…심근경색·뇌졸중 30% 줄여",Culture
194,천장에 걸린 돗자리·테크노 만난 돌조각… 홍콩 사로잡은 ‘K아트’,Culture
195,오는 봄 맞으러 서울식물원에 가다,Culture
196,"이현정, 日 무네츠구 엔젤 바이올린 콩쿠르 1위…한국 연주자, 톱3 싹쓸이",Culture
197,[날씨] 오늘~내일 전국 봄비…제주 산지 120㎜ 이상 호우,Culture
198,잎채소 많이 먹는 사람...나이 들면서도 머리 “생생”,Culture
199,"아이엠바이오로직, 자가면역질환 치료제 'IMB-101' 글로벌 임상 2상 투약 개시",Culture
200,누군가 발을 헛디뎌 얼굴을 잃어버렸다는 바위,Culture
201,“가공식품에 세금 부과하면 당뇨병 줄어든다”… 사실일까?,Culture
202,내일 최대 60㎜ 봄비에도 미세먼지 기승…기온 평년 웃돌아,Culture
203,"""우산 챙기세요"" 내일까지 전국에 봄비",Culture
204,아이들 2형 당뇨병 증가세… 혈당 낮추는 ‘30분’의 기적[밀당365],Culture
205,"더본코리아, '고객 감사 외식 통합전'…16개 브랜드 최대 50% 할인",Culture
206,"낭독 들으면서 ""칭찬할 것을 생각해"" 했더니 벌어진 일",Culture
207,"루닛, 셀카르타와 AI 바이오마커 동반진단 상용화 속도",Culture
208,"백철승 현대트랜시스 대표 ""글로벌 톱티어 부품사 도약 원년""",Culture
209,"기름값·환율 고정시킨 패키지, 새 마케팅..모두투어 첫 선",Culture
210,"이혁재 ""내가 좌파 연예인이었어도 이랬을까"" 하소연",Culture
211,나물 기겁하는 아이들도 잘 먹는 봄 요리,Culture
212,"“BYD, 올해 1~2월 중국 내수 점유율 10％ 밑돌아…지리에 추월”",Culture
213,브루나이의 뱃사공을 보며 생각난 것,Culture
214,[날씨] 오늘~내일 전국 비…남해안·제주 강풍 주의,Culture
215,"""증여세 산정, 기준시가 아닌 1년 전 유사주택 매매가도 가능""",Culture
216,고구마 ‘이것’ 같이 먹었더니…“더부룩 답답” 피해야 할 음식은?,Culture
217,"""계단 빠르게 오르기만 해도 치매·당뇨 위험 크게 줄어""",Culture
218,"""아들 외도 난리 나니 억지 사과"" 홍서범·조갑경 前 며느리 분노",Culture
219,"이영훈 목사 ""교회 분열 부끄럽다… 법도 '사람 살리는' 온기 품어야""",Culture
220,"해외 열 명 중 일곱 명 ""한국 문화콘텐츠 호감""…미주·유럽도 확산세",Culture
221,"“BYD, 中 내수 입지 흔들”…점유율 10％ 붕괴, ‘출혈경쟁·정책변화’",Culture
222,"[출근길 날씨] 오늘~내일, 전국에 단비…남해안·제주 중심 강한 바람",Culture
223,근육 당기고 '이 증상' 있다면 스트레스 신호?…원인과 관리법은 [데일리 헬스],Culture
224,‘돼지 정액’으로 만든 안약의 ‘반전’…안구 깊숙한 난치성 암 정밀 타격,Culture
225,[날씨] 비 오기 전 대기 나쁨‥내일까지 전국 봄비,Culture
226,[출근길 YTN 날씨 3/30] 오늘~내일 전국 단비...남해안·제주 중심 많은 비,Culture
227,산행 중 무릎 통증 대처법 [한의사 박호연의 산행 처방],Culture
228,홍서범·조갑경 ‘아들 외도’ 사과에도…前며느리 “난리나니 거짓 사과” 분노,Culture
229,노령견 항암치료는 완치보다 삶의 질 향상에 맞춰져야,Culture
230,"“진피까지 흡수된다”는 한방 버전 리쥬란, 알고 보니 일반 화장품?",Culture
231,전기차 보조금 폐지 후폭풍…선진국들 ‘지원 확대’로 유턴,Culture
232,"노르웨이 모녀, 남극점 왕복 중 사고… 딸이 구조신호 보내",Culture
233,[날씨] 내일 오전까지 전국 봄비…제주 최대 100㎜,Culture
234,수도권 미세먼지 ‘나쁨’…낮 최고 21도 포근한 봄날씨 [날씨],Culture
235,벚꽃 피자마자 찾아온 '봄비'…낮 최고 22도(종합),Culture
236,[날씨클릭] 오늘 전국 봄비…제주 산지 120㎜ 이상 폭우,Culture
237,전국 대부분 흐린 하늘 속 '봄비' 소식…낮 최고기온 22도,Culture
238,"“한쪽 눈썹 다 뽑아버렸다”…계속 털 뽑고 싶어하는 24세男, 왜?",Culture
239,“매일 새벽 운전자 없는 버스가 다녀요”…심야괴담 알고보니 자율주행버스,Culture
240,외국인들이 쌈장 맛 알아버렸다…K-발효식품 수출 2조원 눈앞,Culture
241,"배우 이청아, 납작한 아랫배 비결?… “치유되는 아침 식단” 뭘까?",Culture
242,뼈 부러지기 전부터 관리해야… 대퇴골 골절 땐 1년 내 사망률 30%,Culture
243,"장강명 “알고리즘은 ‘안락한 감옥’…벽돌책 돌파하기, 생각보다 괜찮다”",Culture
244,헬리코박터균 없애도… 술·담배·비만으로 ‘위암’ 위험 증가,Culture
245,위기 딛고 더 강해지는 K-제조업… 추락하던 중견 車 3사의 재도약 비결은,Culture
246,10초 못 버티면 ‘빨간불’…‘이것’으로 몸의 나이 확인하자,Culture
247,전국 흐리고 비…제주·남해안 강풍 주의[오늘날씨],Culture
248,독주 체제 깨진 BYD…중국 내수 점유율 '반토막' 쇼크,Culture
249,"中 자동차, '가격→기술' 경쟁 전환…1위 BYD 흔들린다",Culture
250,"[날씨] 전국 건조함 달래줄 비 …남해안, 제주 강한 비",Culture
251,"""락스 절대 이렇게 쓰지 마세요"" 청소하다 쓰러질 수도 [건강잇슈]",Culture
252,[issue&] 산책 반려견 위협하는 보이지 않는 위험 ‘참진드기’,Culture
253,"20대 男, 진통제 복용 후 가슴 통증…'심정지'까지 [헬스톡]",Culture
254,주 초 먼지·건조 해소할 봄비…강풍 동반,Culture
255,"바닷속 잠든 역사 깨운 韓 최초 수중발굴선 '씨뮤즈호', 올해 퇴역",Culture
256,한라산 갔더니 여기저기서 “니하오”…방한 외국인들 우르르 몰려간 곳이,Culture
257,전국 흐리고 봄비 시작…출근길 우산 챙기세요[오늘날씨],Culture
258,매일 햄 한 장이 문제였다…대장암 위험 18% 높인 ‘식단 구조’,Culture
259,“이 방법으로 남편 20kg 뺐다” 한고은 공개한 ‘아침 음식’은?,Culture
260,딸에게 마지막 보낸 문자 “내딸 싸랑해 만히”… 천안함 영웅 한주호,Culture
261,치킨엔 맥주? 아니다…요즘은 ‘이 와인’이다,Culture
262,"""멋진 인생이었어""... 암으로 세상을 떠난 사카모토 류이치가 남긴 마지막 한마디",Culture
263,[더사주 오늘의 띠별 운세] <3월 30일 월요일(음력 2월12일)>,Culture
264,"[재미로 보는 오늘의 운세] 3월 30일 (월요일) 63년생, 금전문제로 심사가 어지러울 수도",Culture
265,"“치명적인 음식” 암 전문가가 경고한 3가지, 뭘까?",Culture
266,"""피부 진료 10명 중 9명은 전문의 아냐""",Culture
267,[마음 상담소] 자녀에게 신앙 얘기를 언제쯤 해도 될까요,Culture
268,[가정예배 365-3월 30일] 눈에 멍이 들도록,Culture
269,[역경의 열매] 이종근 (16) 전도 시작한 후 견딜 수 없었던 극한의 통증 사라져,Culture
270,[오늘의 설교] 딸이 아빠에게 준 5000원짜리 선물,Culture
271,"[기적을 품은 아이들 <99>] “엄마 교회 가게 한 미소천사, 보조기 잡고 첫 걸음마”",Culture
272,“아침에 먹으면 보약” 사과 말고도 추천하는 5가지 음식,Culture
273,"'낮 최고 21도' 전국에 봄비·미세먼지 '나쁨'…봄철, 면역력 키우는 음식은 [오늘 날씨]",Culture
274,크리스티 홍콩 3월 이브닝 경매서 이례적 ‘100% 낙찰’,Culture
275,"신촌·성수 주민들, 자는 동안 심장이 위험하다?...단 하룻밤 소음에도 혈관 굳는다 [헬시타임]",Culture
276,[오늘의 운세] 3월 30일 월요일 (음력 2월 12일) 띠별 운세,Culture
277,“독재자임을 부끄러워하지 않는 시대… 전쟁 계속돼도 인류는 새 길 찾을 것”,Culture
278,세단 옷 입은 SUV… 소리 없이 강했다,Culture
279,"눈, 피부에 좋다는 ‘이 영양제’… “잘못 먹으면 간 망가진다” 의사 경고",Culture
280,"자신 만의 악기, 마음을 울리다",Culture
281,[오늘의 날씨] 전국에 비 소식…일교차 최대 20도,Culture
282,"주요국 보조금 부활에 전기차 판매 '날개'…""국내 추가 예산배정 시급""",Culture
283,[녹유 오늘의 운세 ] 75년생 얻자 하는 부탁 민망함만 받아요,Culture
284,[조용헌 살롱] [1535] 이란의 ‘십승지(十勝地)’ 자르고스 산맥,Culture
285,"“아가씨인줄 알아” 20kg 빼고 남편과도 사이 좋아졌다는 女, 비결은?",Culture
286,"""아차, 내 우산""…월·화 전국 봄비, 가시거리 짧아져",Culture
287,“아침식사 간단한 ‘두 가지’면 충분”…염증 잡고 체중도 ‘쑥’ 내려가 [라이프],Culture
288,"“침묵 대신 말하겠다”...전쟁의 시대, DMZ에 선 증언자들",Culture
289,“잠 줄여 열심히 살았는데”…하루 ‘11분’ 더 자면 심장질환 위험 10% ‘뚝’,Culture
290,"[뉴스9 날씨] 내일, 전국 곳곳 비…남해안·제주에 강한 바람",Culture
291,내수침체·이란전 ‘가시밭길’…우회로 찾는 차 부품업계,Culture
292,"포르쉐, K배터리 품고 국내 럭셔리 전기차 시장 노린다",Culture
293,[날씨] 작년보다 빨리 핀 벚꽃…전국 곳곳 봄비,Culture
294,"“남은 치킨 내일 먹어야지”…당장 멈춰라, 의사들 경고한 ‘세균 범벅’ 현상 [헬시타임]",Culture
295,"""내일 '우산' 챙기세요""…전국 흐리고 '봄비' 내려 [날씨]",Culture
296,"목에 새긴 ‘붉은 십자가’의 저주? 살점 썩고 종괴 3개, 20세 男의 비극",Culture
297,[날씨] 서울 벚꽃 평년보다 열흘 일찍 개화…내일 전국 봄비,Culture
298,[날씨] 내일 곳곳 봄비...일교차 크게 벌어진다,Culture
299,"삼성바이오로직스, 창사 이래 첫 파업 위기…노조 찬성률 95.5%",Culture
300,[날씨] 따뜻한 날씨에 서울 벚꽃 공식 개화…내일 전국 봄비,Culture
301,혈당 관리 위해 근육 꼭 지켜야… ‘이 습관’ 반복했더니 혈당 스파이크 사라진 이유?,Culture
302,인생 최초의 외출에서 똥과 사투를 벌인 사연,Culture
303,"[9988 프로젝트] 성조숙증, 사춘기 빨라지면 키 성장 '오히려 손해'",Culture
304,[간호사칼럼] 마음이 전해진 순간,Culture
305,"창고 속 잠자는 CD를 발견했다, 이럴수가 CD는 죽지 않았다",Culture
306,혈당 스파이크 막는 최적의 조합…김태리가 아침마다 '땅콩버터' 먹는 이유,Culture
307,"“겨우 이거 보려고 왔냐?, 물이 제일 맛있네” 노동에 가까워진 가족여행, 해법은",Culture
308,한국은 10명 중 6명이 있는데 일본은 17%…여권 보유 차이점은 이것 [호텔 체크人],Culture
309,"‘10kg 감량’ 이은지, 한 줌 허리+슬림 팔뚝…‘이 운동’ 효과?",Culture
310,"열심히 운동했을 뿐인데...종아리 통증, 알고보니 ‘이 뼈’ 피로골절?",Culture
311,"""에르메스보다 잘 팔린다""…'짝퉁의 나라' 중국의 '반전'",Culture
312,[단독] “뭐가 바뀐거야?” 부분변경 대신…현대차 ‘차세대 코나’로 직구 승부수,Culture
313,서울 벚꽃 벌써 폈다… 작년보다 엿새 빠른 이유는,Culture
314,"식도암 수술 생존자, '2차 암·호흡기 질환' 사망 위험 커진다",Culture
315,밤 늦게 먹고 새벽에 뛰면 살 빠질까 [박창희의 비만 Exit],Culture
316,일교차 큰 봄 날씨 지속…내일 전국 대부분 봄비,Culture
317,"나를 따뜻하게 안아준 아버지 친구, 내 어머니도 안았네 [씨네프레소]",Culture
318,"“같은 항암제인데, 왜 사람마다 효과 다를까”…암 치료 실패 이유 밝혀져",Culture
319,“학교도 못 갈 정도의 생리통”… 10년 후 보니 ‘이것’ 때문,Culture
320,“치킨 시키려다 배달앱 그냥 껐습니다”…닭고기 가격 쇼크에 ‘비상’,Culture
321,차만 우려내고 버렸는데… “혈관 건강과 다이어트 돕는다” 뭐길래?,Culture
322,[날씨] 포근하지만 탁한 공기…내일~모레 전국 봄비,Culture
323,한 마리 무사히 낳으려…10마리 ‘엄마’ 향유고래들이 협력한다,Culture
324,더 똑똑해진 벤츠 … 차량흐름 분석해 알아서 차선변경,Culture
325,"퍼스트 클래스가 땅으로 내려왔다…""달리는 최고급 집무실""",Culture
326,기름값 뛸수록 돋보이네 … 하이브리드·전기차 열풍,Culture
327,퇴근 후 연차 없이 48시간… 홍콩 이 최적지인 이유,Culture
328,산으로 강으로 바다로 … 봄바람 타고 역대급 할인 쏟아진다,Culture
329,무릎 아파서 쉬었더니…시간 갈수록 더 망가지는 이유,Culture
330,“혈관 관리 어떻게?” 모르겠을 땐 ‘이 음식’부터 먹어라,Culture
331,[날씨] 오늘 올봄 가장 따뜻...서울 20.7도,Culture
332,"""비싼 돈 들여놓고 뭐 하는 거지?"" 고기 먹고 '이것' 마시지 마라",Culture
333,"“오후 7시 전에 저녁 드세요, 허리둘레 3㎝ 줄어듭니다.”",Culture
334,"미국발 관세 압박에…현대차·기아, 공장 가동률 10%p 급락",Culture
335,강남 신세계 또 줄서게 만든 ‘이것’…10일간 한정 판매에 대리구매까지,Culture
336,"""연 이자율 6800%""…2030 노린 '이실장의 덫'",Culture
337,"“너무 더러워” 차예련, 매일 알코올로 ‘이것’ 소독한다…뭘까?",Culture
338,"BTS 부산 공연, 아시아드경기장서 열릴 듯",Culture
339,"“잠 자다가 콜록, 감기약 먹으니 더 심해져”…마른기침 쉽게 보면 큰 병 키운다는데 [생활 속 건강 Talk]",Culture
340,"""피부암인데 점 빼는 레이저로 지져""...피부 진료 '오진' 급증한 이유",Culture
341,'인기 폭발' 국중박보다 6배 많다…외국인 관광객 '바글바글' [현장+],Culture
342,[날씨] 따뜻한 휴일 오후...내일 차츰 '건조함 달래줄 봄비',Culture
343,“특정 냄새만 못 맡으면 치매일수도”…뇌과학자 문제일 교수의 경고,Culture
344,"종근당·JW중외, '행정처분 족쇄' 풀고 혁신 기업 재도약",Culture
345,미국암연구학회에 K바이오 대거 출격…역대 최대 규모,Culture
346,"[날씨] 오늘 따뜻한 봄 날씨, 큰 일교차…공기질 나쁨",Culture
347,피로 말끔히 사라진다… 지금 꼭 먹어야 하는 ‘이 나물’,Culture
348,"견과류+달걀+요구르트…아침에 먹으면 혈당, 체중 관리에 더 좋은 이유?",Culture
349,"""결혼식 가야 하는데"" 분통…휴일 아침에 불만 폭발한 이유 [현장+]",Culture
350,"“주민 모두가 살기 좋은 빌라 관리, 제가 합니다”",Culture
351,내일~모레 전국 봄비… 미세먼지 서서히 걷힌다,Culture
352,"""오늘 고구마 캐러 가자""…MZ들 '호캉스' 대신 푹 빠졌다 [현장+]",Culture
353,"""못버티겠다, 전기차로 바꾸자"" 기름값 '2000원 공포'에 2월 신규등록 역대 최다",Culture
354,"현대차그룹, 에너지 허리띠 졸라맨다…차량 운행 최소화",Culture
355,0~1세 영아에 집중된 부모급여 문제없나…수급자 41% “덜 받아도 좋으니 기간 늘렸으면”,Culture
356,[날씨] 오늘 포근한 봄…연일 초미세먼지 '나쁨',Culture
357,혼밥할 때 리모컨 못 참는 당신…입으로 직행한 ‘세균’,Culture
358,"항공업계, 고유가·고환율·노조 리스크 ‘3중고’ 직격탄",Culture
359,"“갑자기 ‘뚝’ 소리났다”… 25세男, 팔씨름하다 뼈 부러져?",Culture
360,“미세먼지보다 무서운 ‘눈 비비기’”…봄철 각막 손상 더 위험,Culture
361,"[날씨] 오늘도 고온 건조, 서울 21℃...곳곳 초미세먼지",Culture
362,차라리 안 하느니만 못한 욕실 청소… 락스+‘이것’의 치명적 결말,Culture
363,"매일 같은 것 먹기vs 여러 종류 먹기, 살 더 잘 빠지는 건?",Culture
364,다이소 간 마흔아홉 가장이 장바구니에 채워 넣은 것,Culture
365,"말하기 피곤한 미용실, 네일숍... MZ의 예약법을 알았다면",Culture
366,"와.... 모래가 들어가든 말든, 입 벌리고 보게 되는 장면",Culture
367,"[날씨] 휴일 한낮 따뜻, 서울 21℃...곳곳 탁한 공기·건조특보",Culture
368,"“말랐는데 또?” 홍진경, ‘3가지’ 음식으로 식단 관리…왜?",Culture
369,"“몸 가볍다” 야노시호, ‘이것’으로 파스타 소스 만들던데?",Culture
370,한밤 중 울린 ‘이 소리’…내 심혈관 망가뜨린다,Culture
371,"봄철 야외 운동, 미세먼지가 독(毒) 될 수도 [박민선의 건강톡톡] ",Culture
372,두달 동안 8대 팔렸다…EV3에 밀린 車 단종설 돌더니 결국,Culture
373,"""글로벌 판매 3위 우연 아냐""…현대차그룹, 유럽·미국 휩쓴 비결",Culture
374,삼겹살 대신... 다이어트 중 죄책감 없이 즐기는 ‘이것’,Culture
375,"""남친보다 더 중요해요""…요즘 Z세대 '잠'에 푹 빠졌다 [트렌드+]",Culture
376,22년을 여자로 살다가 하루아침에 남자가 된 자의 운명,Culture
377,"""암은 식탁서 시작된다""⋯염증 줄이고 세포 되살리는 '이 식단'",Culture
378,"“어떻게든 전기차 시대는 온다”…포르쉐코리아, 하반기 출시 예정 ‘카이엔 일렉트릭’ 공개",Culture
379,‘아프다’는 말을 자주 기록했습니다 [황정은·허태임 교환 일기],Culture
380,"""난 왜 이렇게 생겼지?""…인스타 3시간 보는 10대, 우울증 위험 1.7배",Culture
381,“운동복 세탁 후 더 냄새 나”…섬유유연제 금지 옷 5가지,Culture
382,신차는 죽쑤는데…美 ‘중고 전기차’ 활황 왜?,Culture
383,복사가게 주인 손에 들어온 페라리 설계도…수십조 시장 뒤집혔다 [Book],Culture
384,"“멍청이나 타는 포르쉐”…욕 먹을 수록 좋단다, ‘혼쭐 대신 돈쭐’ 비결 [세상만車]",Culture
385,[날씨] 휴일 15도 안팎 일교차 …전국 메마른 대기,Culture
386,[돈+Cars] SUV 샀는데 세단 탄 느낌… 르노 필랑트의 반전,Culture
387,“전자레인지에 돌리면 암 위험”… 종양 전문의 경고 보니?,Culture
388,"미래차 전환 부담에 중동 전쟁, 화재까지 잇단 악재···자동차 부품업계 “속이 타들어 간다”",Culture
389,[프리즘] 관객이 돌아왔다…한국 영화 재도약 계기될까,Culture
390,혈액 순환 돕는다던 ‘음이온’ 팔찌…알고 보니 ‘방사선’ 뿜어내는 흉기였다,Culture
391,“사과 ‘이렇게’ 먹어봤어?”…혈당·체지방 걱정 뚝 줄이는 ‘이 방법’ 뭘까?,Culture
392,여행지 도착 전 스마트폰 사진가로 변신하는 법,Culture
393,"89세에 베니스, 91세에 호암...지금도 전기톱 듭니다",Culture
394,"""비결이 뭐야""…명동 훑은 외국인, 지갑은 딴 데서 열었다",Culture
395,"CT·MRI로도 못 잡는 췌장암 간 전이, 해법 찾았다 [헬시타임]",Culture
396,천재 예일대생이 살인자가 되기까지…'선의'가 만든 비극,Culture
397,"""한국에 진심"" 르노코리아·한국GM, 대규모 투자…내수 회복 시동",Culture
398,남은 피자·치킨 ‘이 시간’ 안에 꼭 드세요…“그냥 두면 세균 잔치”,Culture
399,‘두쫀쿠’ 가고 ‘버터떡’…반짝 유행 뒤 ‘이곳’ 관절은 비명[일터 일침],Culture
400,“중국 전기차 무시? 타보면 달라”…한국에서의 흥행 간절한 BYD,Culture
401,부모님이 내 가게 직원이 됐다... 연희동 핫플 만든 '동료 가족' 이야기,Culture
402,수술 잘 됐다는데 왜 걷지 못할까…허리 통증을 다시 읽다,Culture
403,"5개월간 코피, 코막힘 반복… 코안의 '까만 덩어리' 발견됐는데, 정체는?",Culture
404,“암세포 가득”… 최악의 발암 음식으로 꼽힌 것은?,Culture
405,버티던 무릎이 보내는 관절염 악화 신호 3가지 [건강칼럼],Culture
406,"부모 41% ""부모급여 월 지급액 줄더라도 더 길게 받았으면""",Culture
407,美 하드록 레전드 ‘키스’가 커피 시장에 뛰어든 이유,Culture
408,60세 넘으면 뇌 썩는 건 맞다…이걸 반전시킨 노인들 습관,Culture
409,"""태어날 때부터 등 전체가 커다란 점과 털로 뒤덮인 10개월 아기""..무슨 일 [헬스톡]",Culture
410,당뇨 전단계 1400만 시대… 췌장 망가뜨리는 '아침 공복 음료' 피하는 법,Culture
411,"29세 요절 소설가 김유정, 별세 두 달 전 “모든 病이 머리를 든다”",Culture
412,"""어쩐지 소화가 안 되더라""…알고 보니 마시는 게 문제",Culture
413,[더사주 오늘의 띠별 운세] <3월 29일 일요일(음력 2월11일)>,Culture
414,"“혈당 폭등”… 잘못 먹으면 안 좋다는 ‘이 채소’, 뭐야?",Culture
415,"'주말맞이 응원 갔다가' 쉰 목소리 낫지 않는다면, '이 질환' 일수도 [데일리 헬스]",Culture
416,[가정예배 365-3월 29일] 믿음을 의로 여기시고,Culture
417,“염증 삭제하는 아침 식단”… 아삭한 ‘이 음식’ 먹어라,Culture
418,“간단히 먹으려 했는데”… 치매 부르는 ‘아침식사’ 습관은?,Culture
419,"“내 나이 40인데 뇌는 70세?”…치매 부르는 ‘이 차이’, 방치했다간 결국 [헬시타임]",Culture
420,[오늘의 운세] 3월 29일 일요일 (음력 2월 11일) 띠별 운세,Culture
421,“혈관 녹슬지 않게 해준다” 한의학 박사 추천한 ‘이 곡물’… 뭐야?,Culture
422,“공복에 ‘이 영양제’ 먹으면 위장 망가진다”… 정말 사실일까?,Culture
423,"“230kg 감량 후 황당 부작용” 40대 男, 대체 무슨 일?",Culture
424,"[시승기] ""첫 전기차로 충분할까""…2천만원대 BYD '돌핀' 타보니",Culture
425,'낮 최고 22도' 큰 일교차 미세먼지 '주의'...올바른 공기청정기 사용법 [오늘 날씨],Culture
426,엄마는 항아리 같다고 웃는데 MZ들은 난리…‘커브드 팬츠’ 뭐길래,Culture
427,"매일 단 100g만 섭취해도…이렇게 좋은데 ""안 먹을 건가요?""",Culture
428,"“운 안 풀리면 연주대 간다”…2030 몰린 관악산, 그 기운의 실체",Culture
429,뇌까지 망치는 잇몸병…“단돈 3천원이면 치과비 굳는다” 가성비 해결법,Culture
430,"유리병 기름기 제거, ‘이것’ 한 스푼이면 끝? 기름병 세척 방법 4가지",Culture
431,"‘양은 냄비’에 라면 끓이는 사람, 꼭 보세요",Culture
432,[탐사보도 뉴스프리즘] '왕사남' 돌풍에 영화관 북적…다시 증명한 생존 전략,Culture
433,‘생존율 10%’ 췌장암 조기발견 검사법 새로 개발됐다…“정확도 87.5%”,Culture
434,고기 먹을 때 필수인 ‘이것’…“심혈관 질환 예방·면역력 높인다” 깜짝,Culture
435,“나 비만 아닐지도” BMI 지수의 배신...3명 중 1명 ‘잘못 분류’,Culture
436,"‘이 자세’로 자면 최악… 실명 위험에, 목·허리도 망가진다",Culture
437,"나나, '강도 사건' 증인 출석 앞두고 ""연기 얼마나 잘하는지 보겠다""",Culture
438,"난바 한복판, 일본 호텔 좁다는 편견 깬 센타라 그랜드 호텔 오사카",Culture
439,"김영옥, 80대에도 팔팔한 비법…면역력 위해 ‘이것’ 한 잔 마신다고?",Culture
440,"“감기인 줄…” 4주 이상 마른기침, ‘천식’ 의심해야 [건강+]",Culture
441,[포커스] '왕사남' 흥행 어디까지…'가성비'로 한국영화 지형 바꿨다,Culture
442,"[시니어그룹] 80대 엄마의 봄맞이 묵은지 찜... ""이게 바로 행복의 근원""",Culture
443,"프랑스도 못 막은 ‘이 빵’ 속 카드뮴…“위험 수위 노출, 암 위험 높여”",Culture
444,"세계가 주목하는 ‘K-뷰티’, 핵심 성분 뭐길래?",Culture
445,“사모 아니고 집사”… ‘가족 총동원’ 목회 상식 깨진다,Culture
446,"""지하철역 나오자마자 깜짝 놀랐다""…한국 온 외국인들 '감탄' [현장+]",Culture
447,중년이면 저절로 붙는 뱃살...아침에 ‘이런 음식’ 먹으면 막을 수 있다?,Culture
448,"장염·식중독 자주 앓는 사람…20년 ‘이 병’에 신경써야 한다, 왜?",Culture
449,"콜라 안 마시면 머리 아픈 당신, 이유 알고 싶나요?",Culture
450,"""내가 엄흥도 후손, 감개무량""…'왕사남' 흥행에 깜짝 고백한 여배우",Culture
451,"바나나 껍질, 버리지 마세요…생활 속 만능 활용법 4가지",Culture
452,“빨리 썩는다”… ‘이 음식’은 플라스틱에 담지 말라던데?,Culture
453,"[날씨] 서울 올봄 가장 따뜻...내일도 고온건조, 곳곳 초미세먼지",Culture
454,"다급한 JTBC, 안 사려는 지상파… 사실상 마지막 중계권 협상 나선다",Culture
455,"故 최진실 딸 최준희, 화장 전후 이렇게 다르다고?…“변신 폭 놀라워”",Culture
456,'프로젝트 헤일메리' 뒤에 아마존 있다,Culture
457,“삼겹살 먹을 때 항상 같이 먹었는데”…혈압 잡는다는 연구 결과 나왔다 [헬시타임],Culture
458,법과 인류문명에 대한 절망을 회복할 수 있는가?,Culture
459,[내일 날씨] 따뜻한 봄 날씨…서울 미세먼지 '나쁨',Culture
460,일본인들 “한국 가서 잔뜩 사오자” 했는데…이젠 우리나라 쌀값도 ‘비상’,Culture
461,“먹는데 왜 살 안 찌냐고?”…최화정 ‘세 가지 음식’ 루틴처럼 챙긴다,Culture
462,"""경복궁에 불꽃이…"" 15분 간 긴박했던 그 순간",Culture
463,"트럼프 시대에 이 책, 강렬하다[최재천의 책갈피]",Culture
464,'이거'라면 나도 제니처럼 입기 가능···포멀과 캐주얼 사이 절묘함이 매력[박민지 디자이너의 옷 잘 입는 공식],Culture
465,"[날씨] 주말 맑고 완연한 봄…공기질 답답, 대기 건조",Culture
466,엄지원 “단종 시신 수습한 엄흥도 후손…영월 엄씨 31대손”,Culture
467,“밥 먹고 달달한 거 한 잔? 당장 끊어라”…당뇨병 위험 낮추는 생활습관은 [헬시타임],Culture
468,"[날씨] 내일도 따뜻, 곳곳 초미세먼지...건조특보 확대",Culture
469,[르포] 대통령 지시 때마다 빵값 내린 파바…“할인 품목 발주로 체감↑”,Culture
470,[날씨] 주말 따뜻한 봄…전국 대부분 초미세먼지 '나쁨',Culture
471,혈당 스파이크 막았더니 살 빠졌다…밥 먹을 때 꼭 피해야 할 습관은?,Culture
472,헤로인·코카인 보다 해로운 알코올…'약주'라는 건 없었다,Culture
473,"“유행 끝난 줄 알았는데 재소환됐네?”…콤부차, 성인 2명 중 1명 마신다",Culture
474,"“열 오르고 따끔” 50대女, 갱년기인 줄 알았는데 종양 발견…무슨 일?",Culture
475,"수입 중고차, 브랜드 인증 중고차가 더 이득…왜?",Culture
476,“무슨 원망 들으려고”…엄마에겐 내 불평이 원한이었을까 [.txt],Culture
477,“위고비 대신 ‘이것’ 먹어라”…장내미생물 전문의 ‘슬기로운 식습관’ [바디플랜],Culture
478,아시나요? 비운의 임금 ‘단종’ 초혼제 지낸 김시습을,Culture
479,"[날씨] 주말, 봄기운 '물씬'...초미세먼지·건조특보 계속",Culture
480,"주3회 뜨면 연 '300억' 버는데…""한국 대신 일본 갈래"" 외국인 외면 이유",Culture
481,"급하게 먹는 우리 강아지, ‘이 증상’ 나타나면 체한 걸 수도?",Culture
482,“딸과 함께 북한산 오르며 제 삶도 더 활기차졌어요”[양종구의 100세 시대 건강법],Culture
483,"中 BYD, 4년 만에 순익 뒷걸음질…내수 부진 직격탄",Culture
484,"[날씨] 주말, 4월 하순 만큼 따뜻...초미세먼지·산불 주의",Culture
485,요즘 세상에... 바다 위 작은 뗏목과 그 위에 엎드린 한 사람,Culture
486,“노래가 다시 재밌어져”…서로 일으켜 세운 두 락커 [유재영의 전국깐부자랑],Culture
487,"""피곤해서 그런가?"" 식욕도 없고 한밤중 다리에 '쥐'...콩팥의 비명 [한 장으로 보는 건강]",Culture
488,"당뇨병, 암, 치매 걱정 되면 ‘이 운동’부터...“건강 효과 너무 좋아”",Culture
489,서울 낮 최고 21도 '완연한 봄 날씨'... 미세먼지 '나쁨' 실외활동 주의,Culture
490,"""이렇게 먹다간 당뇨·지방간·비만 다 온다""⋯50대 이후 피해야 할 음식 4가지는?",Culture
491,암세포만 노린다…항암 치료 전략 바꾼 '다트로웨이'[약전약후],Culture
492,美 고물가에 전쟁..근거리 ‘세이브케이션’ 뜬다[함영훈의 멋·맛·쉼],Culture
493,문화부터 미식까지 이탈리아보다 더 이탈리아 같은 도시의 정체,Culture
494,목을 보면 나이가 보인다…‘30대’ 한그루도 받는 ‘이 시술’ [헬스타클럽],Culture
495,‘장원영 틴트’ 매출 2억원에서 600억원으로…6년 만에 300배 성장한 비결이 [신수현의 남돈남산],Culture
496,“채식주의자에겐 필수”…‘단백질’ 풍부한 채소 5가지,Culture
497,"이상보, 향년 45세로 사망…유가족 “사인 비공개”",Culture
498,농민과 노모도 읽고 깨치는 ‘해방’의 복음 [.txt],Culture
499,“35년 무사고 운전입니다”…오세훈 시장 직접 운전대 잡고 ‘강북’ 누빈 이유는,Culture
500,"하루 만에 중쇄 찍은 첫 소설집… 백온유 ""이제는 겁 없이 쓴다""[인터뷰]",Culture
501,"요즘 대세, 등산하고픈 당신이 꼭 기억할 것···한번 삔 발목, 두고두고 발목 잡아요",Culture
502,‘대세는 내돈내땀’···Z세대는 어쩌다 '부장님의 공간' 사우나에 빠졌나,Culture
503,기침하고 나니 배꼽·사타구니 '불룩'...우습게 보다 '응급수술',Culture
504,"나쁜 상사, 가만두지 않겠다구요?…회사 생활에 도움이 안 됩니다",Culture
505,심장에 새 길 내는 관상동맥우회술 고령 환자에 적합,Culture
506,"""얼굴 붓고 의식 혼미해져"" 심하면 사망까지...봄철 '이 질환' 조심해야 [데일리 헬스]",Culture
507,"""혈당관리 필수템""…샐러드부터 빵까지 '식탁 주연' 된 슈퍼곡물",Culture
508,죽음을 모르는데 어찌 삶을 알리오 [주말 詩 한편],Culture
509,“육아 스트레스는 여자만? 남자도 우울해”… ‘이 시기’ 진짜 위험,Culture
510,“대장암 위험 확 올려”… 한국인 즐겨 먹는 ‘이 음식’ 뭐길래?,Culture
511,"“서울대는 갔지만 클럽은 못간 ‘여자 찐따’, 좀 웃기지?”···아름다움 강요에 덤덤히 맞서기",Culture
512,날 풀려 나갔다가 무릎 '삐걱'…퇴행성 관절염 관리 이렇게[콕!건강],Culture
513,성서는 과연 하느님의 말씀일까 [독서일기],Culture
514,더 이상 알쓰들의 대체품이 아니다···찐 알코올 만큼이나 다채로운 논알코올의 세계,Culture
515,"“꿈 꾸면 얕은 잠이랬는데”…푹 잔 느낌, 사실은 생생한 꿈 덕분?",Culture
516,"“여배우 관리 비결”… 하지원, 15년째 ‘이것’ 마신다는데?",Culture
517,"“증상 없는데 왜 수술?”…심장 전문의 권고, 이유 있었다",Culture
518,"""소금으로 변기 청소하면 세균 박멸?""…진짜 효과있을까 [건강잇슈]",Culture
519,모텔 살인 레시피? 멀쩡한 약도 독되는 조합 있다는데[안경진의 약이야기],Culture
520,자고 일어나면 시력 좋아진다? 우리 아이 ‘드림렌즈’ 고민이라면[건강 팁],Culture
521,"영화 속 '그 주사', 실제로도 통할까? [안철우 교수의 호르몬 백과사전]",Culture
522,BTS도 서울 떠난다…'고양콘'이 K팝 성지 된 이유,Culture
523,[날씨] 주말 완연한 봄 기운…초미세먼지 '나쁨',Culture
524,"""초콜릿 중독에 고도비만이었는데""…1년 만에 45kg 감량한 40대 女 비결 [헬스톡]",Culture
525,“한국 가면 꼭 먹는다”…외국인 사로잡은 ‘떡볶이 매운맛 챌린지’ [FOOD+],Culture
526,"박해미, 8kg 감량 성공…60kg대까지 쪘다는데, 왜?",Culture
527,“당뇨 초기 증상” 그동안 흔히 겪었던 ‘이것’… 뭘까?,Culture
528,“우리 애 단순 장염인 줄 알았는데”…‘성장 부진’ 소아 크론병 비중 15% [건강+],Culture
529,"‘지금 이 순간, 가장 하고 싶은 게 뭐야?’ [.txt]",Culture
530,‘기부천사’ 지드래곤 나서자… 호두과자 1시간 만에 완판,Culture
531,"위고비가 열어젖힌 웰니스 시장, '무자격' 가고 '과학적 운동 처방' 온다",Culture
532,"[한동하의 본초여담] 배꼽에 우각구법(牛角灸法, 소뿔뜸)은 무병장수의 치료법이었다",Culture
533,"[momo톡] 따뜻한 봄 방심은 금물, 환절기 자동차 '총점검'",Culture
534,"“먹지 마라”… 서울대병원 교수, ‘공복 올레샷’ 소신 발언",Culture
535,"“설마 새 옷인데?”…안 빨고 입었다간 피부염, 연 250만명 찍었다",Culture
536,아이젠하워 방한은 2차례 아닌 3차례… 1946년에도 서울 왔었다,Culture
537,탄소 감축 어디까지…오늘부터 시민 340명 '숙의 토론',Culture
538,[더사주 오늘의 띠별 운세] <3월 28일 토요일(음력 2월10일)>,Culture
539,당신의 목이 칼칼한 이유는 미국·이란 전쟁 탓? 작년보다 나빠진 3월의 미세먼지,Culture
540,“담배 적게 피웠으니 괜찮겠지”…이런 생각이 아이 자폐 위험 높였다 [헬시타임],Culture
541,윗몸일으키기만 했다면 헛수고…60대 뱃살 빼는 진짜 운동,Culture
542,[가정예배 365-3월 28일] 산 위에 세운 마을은 숨길 수 없다,Culture
543,“목구멍이 칼에 베인 듯”…치명률 14% ‘살 파먹는 균’ 감염된 일가족 [헬시타임],Culture
544,“췌장 혹사한다”… 다이어트 때 흔히 먹던 ‘의외의’ 음식,Culture
545,“독소 조금씩 몸에 쌓여” 매일 먹는 ‘이 음식’ 주의… 뭐야?,Culture
546,"“혈당 낮추는 식사법? 채소와 고기 먼저, 밥은 나중에!”[베스트 닥터의 베스트 건강법]",Culture
547,"[책의 향기]엄마됨, 보람만으론 덮을 수 없는 억울함에 대하여",Culture
548,[오늘의 운세] 3월 28일 토요일 (음력 2월 10일) 띠별 운세,Culture
549,"“삼겹살과 먹으면, 발암물질 줄이는 효과”… 황신혜도 추천, 뭐지?",Culture
550,데뷔 2년 만에 그래미상 후보… 출발 무대부터 달라진 K팝,Culture
551,"“육아휴직 급여 월 250만원으로 올리고, 남편 출산 휴가 늘려 출산율 높였죠”",Culture
552,"경제로 이란 목 조르던 美, 왜 총으로 돌아섰나",Culture
553,“단 한 잔”… ‘이것’ 마시고 사망한 21세 여대생의 비극,Culture
554,해로운 물질 1위 알코올…‘약주’라는 건 없습니다,Culture
555,"카라얀·숄티의 원픽, 세기의 디바 조수미…40년째 ‘천상계 공연’",Culture
556,"'낮 최고 23도' 미세먼지 나쁜 주말...몸에 좋은 컬러푸드, 종류와 효능은? [오늘 날씨]",Culture
557,[날씨] 주말 맑고 건조한 봄…고농도 미세먼지 주의,Culture
558,[날씨] 주말 고농도 먼지 기승…한낮 따뜻한 봄,Culture
559,"""BTS도 우리가 키웠지""…BBQ 회장 돌발 발언에 '깜짝'",Culture
560,치매 유전자 있어도…중년에 ‘이것’ 먹으면 발병 위험 45% 뚝,Culture
561,10년 만에 인스타그램 삭제하게 만든 이 드라마의 '뼈아픈' 불쾌함,Culture
562,“무작정 굶었더니 살 더 찐다?”… 다이어트 핵심은 ‘탄수화물’에 있다,Culture
563,“오늘은 돼지꿈 말고”… ‘이 꿈’ 꾸면 숙면에 도움,Culture
564,"일주일에 한번, 집에서 '이것'만 해도 치매 위험 30%나 떨어져",Culture
565,[이슈날씨] 내일도 따뜻한 봄 날씨...전국 대부분 초미세먼지 '나쁨',Culture
566,"“비타민C 영양제, 감기에 효과” 사실일까…전문가의 결론",Culture
567,"[날씨/XR] '분홍빛' 진해…평년보다 이른 개화, 서울은?",Culture
568,‘하체 비만’ 여성들… 엉덩이·허벅지 살 줄이려면 잘 때 ‘이것’ 해라,Culture
569,"30년 차 직장인의 생존 고백서, 신간 '버텨낸 밥값의 기록들' 출간",Culture
570,[주말날씨] 다음 주에도 따뜻한 낮⋯건조하고 탁한 공기 지속,Culture
571,“아이한테 준 ‘종이컵’ 당장 뺏어라”…뼈에 평생 후유증 남을 수도 있다는데 [헬시타임],Culture
572,[날씨] 내일까지 초미세먼지 기승…아침 서쪽 중심 짙은 안개,Culture
573,“대불 아래서 떠난 큰스님”…천안 각원사 눈물의 다비식,Culture
574,"‘마약 누명’ 이상보, 자택서 숨진 채 발견...향년 45세",Culture
575,배우 이상보 45세 일기로 사망…빈소 마련,Culture
576,"자기 전 '이것' 잔뜩 먹는 습관, 108kg까지 살 찌워… 41살 여성, 극복 비결은?",Culture
577,은퇴하고도 ‘이것’ 매일 지켰다… 86세 男의 체력 비결은?,Culture
578,[날씨] 내일도 따뜻한 봄 날씨...전국 대부분 초미세먼지 '나쁨',Culture
579,"아침 공복에 꼭 피해야 할 ‘이 음식들’…혈당 관리, 체중 조절에 좋은 습관은?",Culture
580,"'마약 누명' 배우 이상보, 숨진 채 발견…소속사 ""상황 파악 중""",Culture
581,[날씨] 주말 포근하지만 초미세먼지 기승…산불 등 화재 주의,Culture
582,“지금은 없어서 못 팔아요”…종량제봉투 구하기 ‘하늘의 별따기’,Culture
583,1500만 넘긴 '왕사남'...역대 3위인데 사실 1위입니다,Culture
584,완연한 봄기운…'탁한 공기질'·'큰 일교차' 주의,Culture
585,[내일날씨] 봄꽃은 피었는데…토요일에도 미세먼지 '기승',Culture
586,“환자 많이 볼수록 손해”… ‘실패한 제도’ 탓 요양원 찾는 촉탁의 부족 [간병리포트],Culture
587,"3월 마지막 주말, 중국발 미세먼지 습격…큰 일교차 속 대기 '건조'",Culture
588,29세 인플루언서 사망케 한 '이 종양'...증상은?,Culture
589,"“앉아지낸다고, 모두 같은 ‘좌식 행동’ 아냐”…‘이런 행동’은 치매에 좋다",Culture
590,"미사일 대신 달러…현대戰 승패, 경제 무기에 달렸다[북스&]",Culture
591,새콤한 ‘이 과일’이 알츠하이머병 치료와 관련 있다는데?,Culture
592,제2의 노키아는 'NO'…SDV 양산 경쟁 내년부터 본격화,Culture
593,“설탕세보다 ‘이 방법’이 더 효과적”… 뭐길래?,Culture
594,"파상풍 주사 맞으러 간 딸 덕분에... ""준비된 할머니 됐다""",Culture
595,"화엄사 홍매화 보러 간다면, 이 오솔길도 올라보세요",Culture
596,토요일 낮 최고 25도로 포근하지만 미세먼지 많아,Culture
597,[퇴근길 날씨] 내일도 초미세먼지 ‘매우 나쁨’…산불 조심,Culture
598,"바나나, 장 건강 지킴이로 재조명… 변비 속설 따져보니",Culture
599,"中 지커, 상반기에 중형 전기 SUV '7X' 국내 시장 출시",Culture
600,[날씨] 내일도 따뜻한 봄 날씨...초미세먼지 전국 대부분 '나쁨',Culture
601,오늘 초미세먼지 '최악'...주말까지 대기 '답답',Culture
602,[날씨] 수도권 초미세먼지 주의보…전국 산불 위기경보 상향,Culture
603,‘먹으러 홍콩 간다’ 이유 있었다… ‘아시아 50 베스트 레스토랑’ 1·2위 석권,Culture
604,신라젠 경영진 개편…한상규·박상근 각자대표 체제로,Culture
605,밤에 자주 깨고 화장실 간다면…치매 위험 높이는 ‘이 원인’,Culture
606,시신경 주변 종양 치료 때 방사선 덜 쏘면 오히려 시력 떨어진다,Culture
607,또 흉기 난동 발생… 어떻게 대처해야 할까?,Culture
608,맑고 포근하니 놀러갈까요?…일교차는 '조심'[내일날씨],Culture
609,"얼큰한 경상도식 소고기뭇국, 타국에서 끓여봤습니다",Culture
610,"""미세모, 탄력모, 명품 다 소용없다""⋯'이런 칫솔' 써야 세균·치석 제대로 닦인다",Culture
611,미드로 미국 고등교육 배운 엄마지만 버텨봐야죠,Culture
612,"장윤주, 살 안찌는 비결?… “꿀조합” 극찬한 식단, 혈당 안정?",Culture
613,0.01초의 세계 … 승부 가르는 '혁신 전쟁',Culture
614,"북한산 능선 한눈에, 은평한옥마을 가면 들러보세요",Culture
615,0.72명서 0.85명으로 … 출산율 반등 고군분투기,Culture
616,새 물량 안들어왔는데…주유소 800여곳 가격 올렸다,Culture
617,한국인 12.7% “운동 전혀 안 한다”…먹고 쉬기만으로 건강 유지 될까?,Culture
618,"신라젠, 한상규·박상근 각자대표 체제 출범… R&D·경영 투트랙 강화",Culture
619,[날씨] 주말 맑고 일교차 커…미세먼지 주의,Culture
620,코로나 의료공백으로 아들 잃은 엄마가 매주 5년 동안 한 일,Culture
621,"체중 감량 성공한 사람들 보니, 이런 식사 루틴이 있었네",Culture
622,석유만 막힌 게 아니다…식량·의약품·반도체까지 줄줄이 타격,Culture
623,“아시아 최고 미식 도시 어디?”…韓 레스토랑 6곳 ‘TOP 50’ 진입,Culture
624,면두부를 아시나요?,Culture
625,“JMS 사이비 집단 끝까지 파헤친 그 이야기” [새책],Culture
626,항암 치료 후에는 왜 탈모가 생길까?,Culture
627,"""무작정 걷기, 오히려 효과 없다""⋯딱 '이 만큼' 걸어야 암 위험 낮춘다",Culture
628,“매장 갔는데 한국 사람들이 엄청 많았어요”…무시당하던 ‘차이나 패션’의 침투,Culture
629,"넷플릭스 美 구독료 인상에 韓도 영향?…""계획 無""",Culture
630,"비닐대란 이어 종이 품귀 조짐…이란전쟁에 제지업계, 뜻밖의 특수",Culture
631,전립선암 전이 단서 찾았다··· 혈액 속 ‘이 세포’ 통해 위험 조기 예측,Culture
632,현대차그룹-SK온 합작법인 사명 ‘HSBMA’ 확정…“북미 현지 생산 능력 강화”,Culture
633,44kg 송가인 “‘이 운동’ 하고 체지방 줄고 근육량 늘어”…얼마나 좋길래?,Culture
634,"“숨쉬기 운동도 버겁다”… 한국인 5명 중 1명, 한 달에 한 번도 안 움직여",Culture
635,노화 늦추는 ‘호두’…하루에 얼마나 먹어야 할까?,Culture
636,"“BTS 팬덤 세대 확장”...광화문 공연 관람객, 40대가 가장 많았다",Culture
637,"전공의노조 ""건양대병원 교수가 전공의 폭행…고작 '견책' 처분"" 반발",Culture
638,우리가 몰랐던 ‘이 영양소’…부족하면 치매 위험↑,Culture
639,정부 약가 제도 개편에… 국내·외 제약사 ‘온도차’,Culture
640,[날씨] 한낮 20도 웃돌아 따뜻…서울 초미세먼지 주의보,Culture
641,'농부 셰프'가 차리는 파인다이닝… '기가스' 셰프 정하완,Culture
642,NBCC 수상에 한강 열풍 재점화…'작별하지 않는다' 판매량 껑충,Culture
643,50세 이후 하루 20~40분 걷기…여성 사망 위험 ‘절반 수준’ 감소[노화설계],Culture
644,"[시니어그룹] 뿌리를 찾아가는 사람들, 대종회 총회를 다녀왔습니다",Culture
645,파라다이스 2년 연속 역대 최대실적..최종환-임준신 각자대표 체제 “지배구조 선진화”,Culture
646,"""숨쉬기 운동이 전부?""… 한국인 덮친 만성 운동 부족",Culture
647,"들판 한가운데 직사각형 건축물, 세모난 문을 열면 딴 세상",Culture
648,"'주식의 왕' 전원주의 투자 조언은?...""한 번에 올라갈 욕심 가지면 망해""",Culture
649,"‘갱년기’ 여성호르몬 감소, 잇몸도 무너진다",Culture
650,"이틀에 1대꼴...김학준 기아 선임, 4000대 찍고 ‘그랜드 마스터’ 등극",Culture
651,"김승언 남양유업 사장 ""흑자 전환 발판, 성장 궤도 진입 원년""",Culture
652,친환경 플라스틱마저... “임신부·태아에 해롭다”,Culture
653,"벚꽃 보며, 우리는 버킷 단풍 계획 짠다..크루즈 日일주",Culture
654,'인혁당 유족' 강순희 여사가 있는 힘껏 살아낸 운명,Culture
655,돌 잘라내는 채석장에서 커피를 마시는 한때라니,Culture
656,"GKL, 고배당 기조 재확인…외국인 카지노 3강 경쟁 속 성장 과제는",Culture
657,파킨슨병 환자 '이 기능' 빨리 떨어지면 치매 위험 커,Culture
658,현대차그룹-SK온 美 배터리 합작법인 사명 'HSBMA' 확정,Culture
659,"노벨상 알렉시예비치 ""저항의 힘 보여준 한국인들에 경외감""",Culture
660,‘쓰봉·음쓰봉’ 사재기 안 해도 돼요 “충분합니다”,Culture
661,헬리코박터균 없앴으니 안심? 흡연·음주·비만 계속 땐 위암 위험 높아진다,Culture
662,"셀트리온, 일본서 '옴리클로'·'아이덴젤트' 품목허가 승인",Culture
663,영화 ‘천만’은 어쩌다 ‘마법의 숫자’가 됐을까 [취향의 발견],Culture
664,서울 초미세먼지주의보 발령,Culture
665,[오후날씨 꿀팁] 초미세먼지↑…건조한 날씨 계속,Culture
666,"“1년 동안 45kg 뺐다”… 40대 女, 비법으로 ‘이것’ 꼽아",Culture
667,"썬푸꾸옥항공, 4월 인천–푸꾸옥 취항..한국총판 선정",Culture
668,남자도 유방암 걸린다 “가슴에 멍울이”… 여성은 유방암 재발에 신경 써야 하는 이유?,Culture
669,"파라다이스, '3% 룰 강화' 등 정관 변경…주주권 강화 나선다",Culture
670,[차한잔] 카이스트 출신 국내 유일 '물리학자 사제' 김도현 대구가톨릭대 교수,Culture
671,"법원 ""공항테러 예고 글 30대, 국가에 2천928만원 배상해야""",Culture
672,“괌 쇼핑 명소였는데…” DFS 갤러리아 54년 만에 문 닫는다,Culture
673,뇌와 면역계의 은밀한 대화[김우재의 플라이룸](74),Culture
674,함락된 도시와 스톡홀름증후군의 여자[거꾸로 읽는 한국 여성문학 100년](25),Culture
675,'6천776억 한전입찰담합' 재판서 효성重·현대일렉 등 혐의 부인,Culture
676,“방금도 먹었는데 담배보다 위험하다니”…의사들 경고에 ‘발칵’,Culture
677,[날씨] 낮 최고 25도 '따뜻'…전국 산불 위기 경보 '경계',Culture
678,"BTS 컴백 공연 날, 광화문광장은 과연 ‘광장’이었나",Culture
679,‘이것’ 먹으면 힘 없던 정자도 기운 세진다,Culture
680,오늘 초미세먼지 기승...고온·건조한 날씨에 화재 주의,Culture
681,“이국종 교수가 ‘이것’ 제발 먹지 말래” 60만명이 속았다,Culture
682,[오후날씨 꿀팁] 어제보다 공기 더 탁해…산불 주의,Culture
683,서학개미 위해 썼다…미국 경제의 심장부 탐방기,Culture
684,비싼 AI가 왜 멍청한 실수를 할까…AI는 숫자만 보고 맥락을 모른다,Culture
685,"시간선택제 공무원 근무시간, 임용권자 마음대로 못 바꾼다",Culture
686,혈전 유발하는 ‘만성염증’… 없애려면 ‘이것’ 많이 먹으라던데?,Culture
687,"현대차-SK온 美 배터리 합작법인 사명, 'HSBMA'로 확정",Culture
688,"NBCC가 주목한 ‘작별하지 않는다’…국가폭력·기억, 그리고 애도의 서사",Culture
689,“7시간 잤는데 왜 피곤하지”…층간소음보다 더 무서운 ‘이 소리’ 탓,Culture
690,구글이 공개한 '이것'…반도체 위기일까[오늘점심],Culture
691,"경제전쟁의 시대, 트럼프가 틀어쥔 ‘진짜 무기’는…",Culture
692,"‘남성의 기록’, 그 틈새로 본 여성의 눈물",Culture
693,"스팸과 슬롭[한성우 교수의 맛의 말, 말의 맛]",Culture
694,"“당근마켓은 뭘로 돈버나”…작년 매출 2707억원, 43% 늘었다는데",Culture
695,한국에선 안 된다고 했는데…'USB 꽂으면 완전자율주행' 해킹 툴 논란[으라車車],Culture
696,"“7X? 나옵니다!”…지커, 소비자 질문에 응답하는 ‘지커보고있다’ 게재",Culture
697,“봄 외투 배송 중인데 반팔 꺼내나” 4월부터 ‘이상 고온’ 온다,Culture
698,"비만인데 담배까지?… 젊어도 시야 흐려지는 ‘이 질환’ 위험, 뭘까",Culture
699,"약물운전 '처벌 강화'에 의료계 우려…""기준 모호, 치료 중단이 더 큰 사고로""",Culture
700,"“세상이 바뀌면, 날 잡아다 고문하세요”···이근안 사망으로 영화 <남영동 1985> 회자",Culture
701,[날씨체크] 따뜻한 봄 날씨에 벚꽃 개화···공기는 탁하고 건조,Culture
702,“눈 뒤집히고 고개 흔들”…트럼프 진짜 아픈 거 아니야? 또 건강 이상설,Culture
703,보수적 美평론가들도 푹 빠진 한강…“번역 장벽 별 것 아니네”,Culture
704,“문해력 붕괴는 나라 붕괴…한글 소중함 알아야”[헤경이 만난 사람-김진명 작가],Culture
705,"[날씨] 한낮 포근, 전국 공기질 '나쁨'…서울 초미세먼지 주의보",Culture
706,"“기초대사량 높이는 데 유리” 이청아, 아침에 ‘이것’ 먹던데?",Culture
707,다양하게 먹을수록 좋다?… “다이어트는 ‘같은 음식 반복’이 답”[바디플랜],Culture
708,광화문 '16만 아미' 나이 분석해보니…깜짝 결과,Culture
709,"폴스타, OTA 업데이트···폴스타 2 상품성 개선",Culture
710,"“부장이 말걸때마다 미치겠어” 양치해도 나는 입냄새, 병원 가보라는 신호 [건강잇슈]",Culture
711,10·20대 아니었다…BTS 광화문 공연에 40대 가장 많았다,Culture
712,“1시간 만에 10억어치 팔렸어요”....요즘 2030 ‘이 옷’에 꽂혔다,Culture
713,"“어르신, 요즘 ‘이것’ 어떠세요?” 한 마디로 사망 위험 알 수 있다?",Culture
714,“500만원이요?” 화들짝…“올해 해외여행 꿈도 못 꾸겠네” 말 나오는 이유가,Culture
715,케이카 “4월 경차·가성비 중고차만 견조…전쟁 여파에 숨고르기”,Culture
716,“젠지(Gen-Z)들이 먼저 찾는다” 불교박람회·단종문화제 등 힙한 봄 축제 만발,Culture
717,"""눈 비비지 마세요""…심각한 미세먼지에 '경고' [건강!톡]",Culture
718,"한강 또 해냈다…세계가 인정한 한국문학, 깊은 울림 남겼다",Culture
719,"""쏘렌토 자리 노리나""…한국 상륙한 5000만원대 '中 전기차'",Culture
720,"""누우면 들어가고, 서면 튀어나와""… 대수롭지 않게 넘긴 증상의 정체",Culture
721,"30대처럼 보이는 배우 하지원, 비결은 ‘레몬’",Culture
722,"“살 안 찌는데 맛있다” 최화정, 달걀로 ‘이 요리’ 만들어… 뭐지?",Culture
723,[빵 굽는 타자기]인간의 온기마저 로봇에게 맡길 순 없잖아,Culture
724,"中 지커, 한국 첫 모델 '7X' 확정",Culture
725,"“혈당 조절 효과 탁월” 나나, ‘이 음료’ 아침에 꼭 먹는다는데… 뭘까?",Culture
726,“반려견 얼굴에 화장을?”…이혜영 ‘동물 학대’ 논란에 영상 삭제,Culture
727,"현대차-SK온, 美 배터리 합작법인 'HSBMA'로 공식화",Culture
728,[아침뉴스타임 날씨] 초미세먼지 더 짙어져…산불 위기 경보 ‘경계’,Culture
729,동백 피는 절에서 찾는 인연…올해 첫 ‘나는 절로’ 644명 몰려,Culture
730,“침실 온도만 낮춰도 심장 건강 달라진다”…적정 침실 온도는?,Culture
731,"애보트, 이그잭트 사이언스 210억 달러에 인수",Culture
732,[새책] 민강-활명수를 만든 기업인이자 독립운동가,Culture
733,이름값 떼고 보는 유럽 그림…성수동에 걸린 모더니즘 70점,Culture
734,"셀트리온, 일본서 옴리클로·아이덴젤트 품목허가 승인",Culture
735,"광화문 출근길 마비…전장인 버스 시위, 차로 점거",Culture
736,하버드 연구진 “꾸준한 카페인 섭취가 치매 위험 낮춰” [노화설계],Culture
737,"“요트야, 차야?”…롤스로이스, “컬리넌 요팅이야” 비스포크 모델 공개",Culture
738,[약손+] 무심코 넘기면 위험하다 “피부암 제대로 알기” ⑮피부암에 관한 궁금증,Culture
739,"검사서 ‘정상’ 나왔어도, 50대 이후부턴 골밀도 높이려는 노력을",Culture
740,"모호한 ‘일주일’ 규정…지난 주말에 산 옷, 이번 주말에 반품 안된다고?",Culture
741,미국 평론가도 반한 한강…번역 장벽 넘고 또 넘는 'K-문학',Culture
742,"""IQ 70대, 하위 10%수준""..‘모텔 연쇄살인’ 김소영, 사패 아닌 경계선 지능? [헬스톡]",Culture
743,[930 날씨] 초미세먼지 더 짙어져…산불 위기 경보 ‘경계’,Culture
744,"지커, 한국 상륙 첫 모델 '7X' 확정…중형 SUV로 승부수 던진다",Culture
745,14년 만에 복제약 가격 낮춘다…“신약 개발 유도”,Culture
746,“쓰지 않고선 죽을 수 없어”… 최고령 신인작가의 회상[북리뷰],Culture
747,"바깥 소음 뚝, 제주의 다른 차원으로 들어가보세요",Culture
748,"오후, 밤 미세먼지 더 짙어진다…북서풍 타고 추가 유입",Culture
749,"""10년의 질주""…람보르기니 서울, 갈라 디너에 담은 '고객 경험의 확장'",Culture
750,"혈압·당뇨 약값 떨어진다… 정부, 제네릭 가격 인하",Culture
751,"[새책] 격변의 시대, 위기를 지배하라",Culture
752,서울 '초미세먼지주의보'…낮부터 먼지 추가 유입,Culture
753,유관순 이어 안중근 순국일에 '방귀열차'…틱톡 게시물 논란,Culture
754,"때론 탱크보다 강한 달러… 美, 서명 한 줄로 돈줄 끊는다[북리뷰]",Culture
755,神도 스승도 비판… ‘인류 최초 과학자’ 아낙시만드로스[북리뷰],Culture
756,"“살찌는 지름길”… 21kg 감량한 이수경, ‘이 음식’만은 피한다는데?",Culture
757,술 냄새 가득한 공간이 예술촌으로 탈바꿈,Culture
758,"""단순히 큰 병원 안 돼""…상급종합병원, 중증·응급·지역 살리는 '진짜 실력'으로 판가름",Culture
759,“이름·나이 몰라도 잘 놀아요”… 오프라인으로 뛰쳐나온 어른이들,Culture
760,[날씨] 출근길 짙은 안개 주의…포근하지만 미세먼지 기승,Culture
761,‘지커보고있다’ 공개한 지커…한국 출시 막바지 단계,Culture
762,극장 훈풍 타고 책도 역주행…'프로젝트 헤일메리' 1위 [베스트셀러],Culture
763,정신 건강 위해 주의해야 할 ‘이들’...부자인 척 허세 부리는 사람들 특징,Culture
764,"케이카, 전쟁에 4월 중고차 시장 숨고르기…경차는 견조",Culture
765,<1> 왜 한민족의 국조는 ‘어머니’인가 [신화에서 선민까지 한민족 정체성의 문화사적 발견-기고],Culture
766,라이언 고슬링의 힘!…영화와 함께 역주행 ‘프로젝트 헤일 메리’,Culture
767,"분식집 필수 메뉴 ‘떡꼬치’, 당뇨식으로는 ‘이렇게’[밀당365]",Culture
768,“케이팝·쇼핑도 좋지만”…외국인들이 서울 찾는 이유 또 생겼다,Culture
769,"남편 따라 목숨 버린 과부의 진심을 무시했다, 연암 박지원은 왜?",Culture
770,외출 시 마스크 챙기세요…전국 미세먼지 '나쁨',Culture
771,유럽 여행객 입출국 주의보…4월 EES 전면 가동 앞두고 혼란 커,Culture
772,"中 지커, 국내 출시 앞두고 영상 '지커보고있다' 선공개",Culture
773,브루나이 박물관에서 만난 1988년 성화 봉송봉,Culture
774,BTS 광화문 공연 누가 갔나 봤더니…깜짝 결과,Culture
775,"쉽게 쪼개지는 손톱, 그냥 넘길 일 아니다… ‘이것’ 부족이라고?",Culture
776,"""어쩐지 코가 간질""...서울·경기 미세먼지 '매우 나쁨'",Culture
777,"“임신 중 변화인줄” 유방암 40대, 유두에 ‘이런’ 변화 나타나",Culture
778,"""말이 돼?"" 물 '콸콸' 부었는데 위로 솟구쳤다…'댐 소문' 직접 확인했더니 7740만 뷰",Culture
779,[날씨] 출근길 서쪽 짙은 안개…초미세먼지 '나쁨',Culture
780,자녀가 ‘이 나이’라면… “절대 술 마시는 모습 보이지 마라” 왜?,Culture
781,이빨 빠지고 잇몸만 남아 방치돼도 사람에게 안기려는 포메… 구조 3년 뒤 근황,Culture
782,'고문 기술자' 이근안 사망…끝내 사과 안 했다,Culture
783,'계양산 난닝구 할아버지'를 아시나요? [초보기자의 거침없이 하이킹],Culture
784,"어린 시절 체중이 미래를 바꾼다… 비만 아동, 부모보다 돈 못 벌어",Culture
785,명문가 '금수저'가 뒷골목 '핵인싸'로 [화폭역정 4],Culture
786,"[날씨] 오늘도 맑고 따뜻한 봄 날씨...전국 초미세↑, 수도권·영서 일시 '매우 나쁨'",Culture
787,사방 확 트인 인천 '최고 산' [초보기자의 거침없이 하이킹],Culture
788,“임신해서 변한 줄”…가슴 크기 변화 방치하다 유방암 말기 진단,Culture
789,[날씨] 포근하지만 초미세먼지 말썽…짙은 안개 주의,Culture
790,"""감기약 먹고 운전하면 면허 취소?"" 온라인 루머…사실일까",Culture
791,[먹어보니]멈출 수 없는 숟가락…반전의 빠개장면,Culture
792,'배꼽탈장·중성화수술' 141만원 병원비에 '화들짝'…펫보험 들었다면 얼마까지 줄였을까[펫&라이프],Culture
793,전국 곳곳 미세먼지 ‘나쁨’…낮 최고 25도까지 ‘완연한 봄’ [오늘날씨],Culture
794,제네릭 약가 8%P 내린다… 계단식 인하로 건보재정 2.4조 절감,Culture
795,어르신 이어주는 노인교구 ‘마음의 영양소’ 아시나요?,Culture
796,"[그 영화 어때] 7년 묵었지만 꼭 보여주고 싶은 사장님 심정, 영화 ‘끝장수사’",Culture
797,백두산서 자연정수 40년… 세계 전문가들도 인정한 ‘3스타 물’,Culture
798,좋다는 프로바이오틱스 ‘균주번호’ 알고 먹나요?,Culture
799,"기아 'EV2', BYD보다 60만원 저렴…'급성장' 유럽 전기차 시장 공략",Culture
800,[잇슈 컬처] “반려견 얼굴이 낙서장?” 이혜영 ‘동물 학대’ 갑론을박,Culture
801,[출근길 날씨] 초미세먼지·안개 주의…산불 위기 경보 ‘경계’,Culture
802,아침 수도권 곳곳 ‘비 소식’… 낮에는 25도로 ‘포근’ [날씨],Culture
803,7개월 기다렸는데 더 늦어진다…중고값도 '신차급' 인기車,Culture
804,[팩트체크] 4월부터 감기약 먹어도 처벌된다? 약물운전 단속 대상은,Culture
805,'낮 최고 25도' 봄기운 완연…전국 미세먼지 '나쁨'(종합),Culture
806,"[날씨클릭] 한낮 따뜻, 초미세먼지 '나쁨'…산불 조심",Culture
807,"""거기가 어딘데요?""…가면 갈수록 돈 돌려주는 '봄 여행지'",Culture
808,"""10개월 아기 등 뒤덮은 점, 털…"" 암으로 발전할 수도 있다는데, 무슨 사연?",Culture
809,“대동맥판막증 조기 수술 땐 사망률 뚝”,Culture
810,야영장·카라반·탐방원…변산반도의 인기 숙소 3선 [여행],Culture
811,"""못생긴 신발의 반전"" 크록스는 어떻게 '힙템'이 됐나",Culture
812,"""크록스도 패션템…뒤집어 엎기보다 가능성 끄집어냈죠""",Culture
813,“이웃 농부들과 함께하는 삶”…지역 농산물로 반려동물 간식 만드는 MZ 사장님 [전원생활 I 자연에 산다],Culture
814,"백제의 恨, 억겁의 결…노을빛 '시간여행'에 물들다 [여행]",Culture
815,[유석재의 돌발史전 2.0] 이승만과 박정희는 정신적 父子? “둘 다 진보 우파 혁명가였다”,Culture
816,갓난아기부터 100세 노인까지…평생에 걸친 뇌 변화 지도 첫 완성,Culture
817,"약가인하 직격탄 맞은 제약사…""주가 영향 제한적, 산업 재편 가속""",Culture
818,'낮 최고 25도' 완연한 봄…미세먼지는 '나쁨'[오늘날씨],Culture
819,"""겨드랑이서 생긴 멍울, 순식간에 온몸 퍼져""..20대女 인플루언서 결국 사망 [헬스톡]",Culture
820,‘부신’ 망가지면 초고속 노화… ‘이 음식’ 먹으면 좋아진다,Culture
821,"[날씨] 메말라가는 대기…큰 일교차, 미세먼지 유의",Culture
822,[Cooking&Food] 차례·생일상에 단골…세대를 이어 붙이는 빈대떡,Culture
823,[Cooking&Food] 봄 바다의 선물…알 꽉 찬 암꽃게 감칠맛 두 배,Culture
824,당신이 흘린 피눈물은 왜 내 것이기도 한가 [.txt],Culture
825,행간에서 건져낸 진짜 여성들 삶 [.txt],Culture
826,세상을 바라보며 사랑에 빠지는 것… 시인의 전부인 걸,Culture
827,"“나는 나아가는데, 친구의 삶은 그날에 멈춰 있다” [.txt]",Culture
828,동화 등단 작가의 ‘믿음 없는 어른 세계’ 그리고 반전 [.txt],Culture
829,첨단의료·문명사회인데…근대인은 왜 외롭게 죽어가는가 [.txt],Culture
830,트럼프 대통령이 사라지면 미국의 무역전쟁도 멈출까,Culture
831,미국 공화당은 어떤 연유로 극우화의 길로 들어섰는가,Culture
832,“어제 저녁에 당신은 가장 아픈 밥을 먹던 날을 들려주었습니다” [.txt],Culture
833,‘미국의 기반’ 스스로 허문 트럼프…이란 제재 설계자의 “더 암울한 예언” [.txt],Culture
834,“피곤해서 그런 줄 알았는데”…이미 진행중인 ‘침묵의 지방간’,Culture
835,“무중력 상태에서도 글씨 쓸 수 있었다”… 인류 최초 우주 비행 유리 가가린,Culture
836,“매일 먹어야겠네”… 대사증후군 막아주는 ‘의외의’ 영양소,Culture
837,‘K할리우드’ 시대,Culture
838,"세계 미식의 정점 '노마'로 간 한국 셰프...""한국식 발효, 세계에 알릴래요""",Culture
839,[더사주 오늘의 띠별 운세] <3월 27일 금요일(음력 2월9일)>,Culture
840,아침 선택이 혈당 좌우… 덜 올리는 음식은?,Culture
841,"웅장… 수려… 천하절승 '長江' 유비의 죽음, 이백의 환희가 흐르다",Culture
842,"""고령자 삶 바꿀 TAVI 시술… 급여 확대해야""[Weekend 헬스]",Culture
843,"아직 괜찮다고? 당뇨병 전단계, 정상 수치로 돌아가야 하는 이유 [데일리 헬스]",Culture
844,"[한입 상식] ‘매일 베는’ 베개, 얼마나 자주 세탁해야 할까?",Culture
845,[오늘의 설교] 위기일수록,Culture
846,[역경의 열매] 이종근 (15) 전도 회의 들 무렵 “작정된 자는 다 믿더라” 깨우침,Culture
847,"[미션 톡!] AI, 대학 성경 고사 96점… “환각 현상은 경계 필요”",Culture
848,"“살 찌고, 혈당 스파이크까지” 강남, ‘이것’ 먹고 3kg 쪘다는데?",Culture
849,자립 이루고 다시 광야로… 담임목사 개척 나선 이유는,Culture
850,"인간답게 사는 것… 그날, 제주의 꿈이었다",Culture
851,"알츠하이머 진단, ‘코’를 잘 보라고?!",Culture
852,[오늘의 운세] 3월 27일 금요일 (음력 2월 9일) 띠별 운세,Culture
853,목에서 만져지는 작은 혹… 암일까?,Culture
854,[단독] 안중근 의사 새로운 유묵 내용 찾았다,Culture
855,기간 제한 없이 ‘4시 퇴근’… “아이와 저녁먹는 일상 생겼죠”,Culture
856,진료·요양·돌봄…이제 병원 아닌 집에서 한번에 받는다,Culture
857,"“췌장암 위험 20배 오를 수도”… 응급의학과 교수 경고, 대체 뭐지?",Culture
858,"모래 한알 한알이 만든 기적…둘레 9.4㎞, 세상서 가장 큰 돌",Culture
859,"""뱃살 다 어디로?"" 50대 英 유명 방송인, 확연히 달라져 등장… 어떻게 뺐을까",Culture
860,"‘왕사남’ 반값여행…기차는 공짜, 10만원도 돌려받네",Culture
861,악령 대신 힐링…해외 홀린 K무속,Culture
862,살 빼려고 했던 ‘이 행동’… “여자는 되레 살찌는 체질된다” 의사 경고,Culture
863,14년 만에 복제약 가격 낮춘다…“신약 개발 유도”,Culture
864,"“갱년기 안면 홍조인줄”… 뇌종양 50대 女, 동반 증상 뭐였나?",Culture
865,"“혈관 튼튼하게 해준다”… 알싸한 ‘이 채소’, 뭐야?",Culture
866,"여성 알츠하이머, ‘폐경’이 결정타… 호르몬 치료가 예방의 열쇠",Culture
867,충고나 비난 대신 ‘이렇게’…우울증 걸린 사람 돕는 방법 7가지,Culture
868,"“중국 관광객들, 캐리어 들고 싹 쓸어갑니다”…성지 떠오른 아웃렛",Culture
869,[날씨] 수도권 초미세먼지 '매우 나쁨'…한낮 기온 쑥 올라,Culture
870,“술 안 마시는데 지방간이라고요?” 날벼락…‘이것’ 생각 없이 먹었다간,Culture
871,"""사랑하는 사람을 뒤에서만 바라보는 건 비겁한 일이에요""",Culture
872,"[날씨/XR] 중부 중심 고농도 먼지…""마스크 챙기세요""",Culture
873,[이슈날씨] 대기 정체·먼지 유입...공기질 악화,Culture
874,현대차 “AI 중심 기술기업 전환 가속”,Culture
875,"“세균아 죽어라~ 콸콸”…변기에 소금, 뜨거운 물 부었다가 화장실만 망쳤다",Culture
876,"소유냐 존재냐, 사랑도 거기서 벗어나지 못한다",Culture
877,"손담비, 애 낳고 ’미쳤어‘ 전성기 복귀…다이어트 ’이렇게‘ 했다고?",Culture
878,“치매 유전자 있다면 고기 더 드세요”…발병 위험 45% 뚝 떨어졌다,Culture
879,"""차라리 밥 안 먹을래요""…점심 포기한 직장인들 몰리는 핫플 [현장+]",Culture
880,[날씨] 전국 산불경보 '경계'‥내일도 미세먼지 '나쁨',Culture
881,"[날씨] 초미세먼지 기승, 내일 공기 더 탁해…산불 등 화재 주의",Culture
882,“성관계보다 더 중요했다”… 노년 건강 가른 ‘이런 생각’ 뭘까?,Culture
883,“겨드랑이에서 순식간에 퍼져” 29세 ‘항암 여신’ 비보에 대만인들 ‘애도’,Culture
884,“다섯 살 딸이 생리를?” 오진에 ‘암 선고’까지…알고 보니 화장실 변기가 원인,Culture
885,"“5분마다 옷 갈아입어”…7년 째 땀 멈추지 않은 25세女, 왜?",Culture
886,기운내려고 커피 마셨는데? 내 몸에 에너지 뺏는 음식,Culture
887,미국의 전쟁 무기는 “펜으로 공표한 규제”다[책과 삶],Culture
888,이 글은 모든 것을 다 말하지 않는 기록이기도 하다[금요일의 문장],Culture
889,식사 때 ‘이것’만 덜 먹어도… 심장 노화 막는다,Culture
890,‘왕사남’ 북미서도 돌풍…최대 흥행 ‘명량’ 제쳐,Culture
891,"[퇴근길 날씨] 내일, 공기 더 탁해져…대기 건조, 산불 조심",Culture
892,[날씨] 내일도 공기 매우 탁해...고온현상 계속,Culture
893,"‘남성 난임' 치료 30년 박남철, “의사가 부족한 게 아냐…진짜 문제는 시스템”",Culture
894,"""견과류도 ‘이것’ 모르면 손해""...아몬드 vs 호두, 뭐가 더 나을까?""",Culture
895,장동민 “가짜뉴스에 얼마나 시달렸으면···대통령께 얘기했겠나”,Culture
896,"혈압, 혈당 낮추려고 ‘이 음식’ 자주 먹었더니…체중도 줄어든 이유가?",Culture
897,"""몸은 천근만근인데 왜?""…피곤해도 잠 못 드는 역설적 피로의 정체",Culture
898,[날씨] 내일 공기 더 탁해…출근길 짙은 안개 주의,Culture
899,복제약 안주 끝… ‘혁신형 제약사’에 특례 몰아준다,Culture
900,'허벅지 왜 이러지?'…차승원·함익병도 경고한 이유 있었다 [건강!톡],Culture
901,"챗GPT에게 10년치 내 글을 학습 시켰다, 그 결과",Culture
902,"""제네릭, 안주는 끝났다"" 정부, K제약에 '신약' 개발 드라이브",Culture
903,"""악령? 눈물 터졌다"" 귀신에 '힐링'…전세계 홀린 K무속 뭐길래",Culture
904,봄만 되면 머리가 '핑' 도는 어지럼증… 불청객 쫓는 '20분 족욕'의 마법[한의사 曰 건강꿀팁],Culture
905,헬리코박터균 없앴다고 끝 아냐… 생활습관 그대로면 위암 위험 증가,Culture
906,중국발 먼지 유입에 전국 대기질 '최악'…한낮 25도까지 '쑥' (종합),Culture
907,14년만의 개편…제네릭 약가 53.5%에서 최저 45% 수준으로 인하,Culture
908,"""대통령에 호소까지""…장동민, 무슨 말했길래",Culture
909,"“실내온도 18~20°C, 목 뒤·쇄골 찬물 샤워”…살 빼는 데 도움, 왜?",Culture
910,"""술 한 방울 안 마시는데 지방간?""…범인은 과일·주스 속 '과당'",Culture
911,"제니부터 헤일리 비버까지, 올 봄 패션 치트키는 '이것' [임이랑의 트렌드 산책]",Culture
912,"""근육 빠질까 겁나요"" …위고비, 근손실 논란의 오해와 진실",Culture
913,"아웃렛, 외국인 관광객 덕에 '함박 웃음'",Culture
914,"""이게 무슨 짓이냐"" 이혜영, 반려견 풀메이크업…'동물학대' 논란",Culture
915,삼키면 끝… 매일 반복되는 끼니 선택에 건강 달렸다,Culture
916,식물 사망율 1위 ‘뿌리 썩음’ 예방법은?,Culture
917,‘왕사남’ 북미서도 돌풍…최대 흥행 ‘명량’ 제쳐,Culture
918,[날씨] 대기 정체에 먼지 유입...내일 전국 초미세먼지 '나쁨',Culture
919,"""한의사가 방문진료서 주사를?""…뿔난 의사들, '면허 위반' 주장",Culture
920,"아시아나항공, 비상경영 선언…중동발 위기·환율 부담 ‘이중 압박’",Culture
921,조원태 회장 “통합 항공사 출범 시대 과업”…한진칼 사내이사 재선임,Culture
922,"아시아나항공, 비상경영 선언…중동발 위기 대응",Culture
923,"“다음 날이 두렵다?”…술 마시기 전 ‘이것’ 먹으면 숙취 달아나, 뭐길래?",Culture
924,대만 유명 방송인 ‘화장실 돌연사’…변기 위 절대 하면 안 되는 2가지는,Culture
925,15분이면 여생 달라진다 … 갱년기 극복 습관 3가지,Culture
926,식판 뒤에 가려진 급식 노동자의 삶,Culture
927,내 귀에 생기는 고혈압·당뇨인 '난청'⋯방치하면 치매까지 온다고? [명의],Culture
928,집에서 의료·요양 지원받는 '통합돌봄' 내일 시행…노인·장애인 대상,Culture
929,홍서범·조갑경 아들 불륜·양육비 미지급 논란에… “판결 기다리는 중”,Culture
930,"“기름값 신경쓰기 짜증, 이참에 바꿀라고”…유럽선 중고 전기차까지 난리",Culture
931,TV 많이 보면 정말 치매 위험 높아질까?[노화설계],Culture
932,"""교통사고 경상 치료 제한""…'8주' 놓고 의사 vs 한의사·환자 줄다리기",Culture
933,"""건보공단 특사경, 통제 없는 권력 될 것"" 의료인 단체들, 도입 중단 촉구",Culture
934,밤 되면 지끈지끈… 통증은 왜 밤에 심해질까?,Culture
935,"이부진 호텔신라 사장, 200억 규모 자사주 매입",Culture
936,"10m 한지 두루마리에 쓴 한국인 박사논문, 옥스퍼드대 박물관 영구 소장",Culture
937,아이 여드름 치료하러 피부과 갔다가 의사에게 들은 말,Culture
938,[신간] 건강하게 나이 드는 법…'뇌는 어떻게 노화를 늦추는가',Culture
939,"“곶자왈에 모였다” 대한항공·아시아나, 따로였던 조직이 먼저 같이 움직였다",Culture
940,"혼다, 전기차 손실 '눈덩이'...소니와 공동 개발·판매도 중단",Culture
941,"'한국형 주치의제' 공모 앞두고…정부, 의사들 지적에 '개편안' 고심",Culture
942,안성재 셰프의 모수도 있다…‘아시아 50 베스트’에 서울 레스토랑은 몇개?,Culture
943,"65세 이상 노인, ‘이것’ 하나로 젊어질 수 있다 [노화설계]",Culture
944,"방경만 KT&G 사장 ""기업가치 제고 선도기업""…배당 확대 속도",Culture
945,"어르신들 뒷짐 걷기, 지금 당장 멈춰야 하는 이유?",Culture
946,"강덕현 서울아산 교수 심장환자 연구, 전세계 의사들의 교과서에 실렸다",Culture
947,젊은 대장암 환자가 한국에 많은 이유…‘질 좋은’ 단백질의 역설,Culture
948,"‘몸은 40대, 먹는 것은 20대?’…중년의 흔한 식습관에 대한 뼈때리는 경고",Culture
949,"“저도, 제 아기도 받아주셨네요”… 26년 전 태어난 병원에서 출산",Culture
950,“지드래곤 호두과자 터졌다”…오픈런에 2시간 만에 완판,Culture
951,"“올블랙 635마력 디펜더”…JLR코리아, ‘디펜더 OCTA 블랙’ 2억대 출시",Culture
952,"깨끗해 보여도 세균 바글바글… 집집마다 있는 ‘이 물건’, 정체는?",Culture
953,"대웅제약 우루사 주성분 ‘UDCA’, 위암 수술 후 장기간 담석 예방 효과 입증",Culture
954,"남성암 1위 전립선암, 전이 단서 찾았다… “혈액 속 ‘세포’ 주목”",Culture
955,[책마을] 이젠 동맹국 목줄까지 조른다…美 외교 변천사 20년,Culture
956,아이돌 도시에서 미식 도시로…서울 여행 이유 달라졌다,Culture
957,"피지컬 AI 쏘아 올린 현대차, 대규모 투자로 기술 혁신 고삐 쥔다",Culture
958,커피 마신 후 무심코 버린 ‘이것’… 싱크대 배관 꽉 막힌다고?,Culture
959,기껏 살 뺐는데 왜 다시 찌나…‘-44㎏’ 김신영 요요 온 진짜 이유,Culture
960,"발레의 전설, 다시 무대에 서다…김지영이 김지영을 연기할 때",Culture
961,"SK바이오팜, 중국 내 뇌전증 혁신 신약 '세노바메이트' 공식 출시",Culture
962,급사 요인 ‘심장판막 협착증’… “무증상 조기 수술 효과 10년 지속”,Culture
963,‘오랑우탄 연구에 헌신’ 비루테 갈디카스 박사 별세…향년 79,Culture
964,"“결혼 자금 7000만 원으로 감행한 도박, 대박났다” [인터뷰]",Culture
965,"‘불황엔 수익원, 미래엔 데이터’…현대차, 렌탈 사업 본격화",Culture
966,피카소 유화 60억에 팔려...아시아 미술 시장 훈풍 분다,Culture
967,봄 찾아왔는데 불청객 미세먼지 같이 몰려온다...주말까지 기승,Culture
968,"“무거운 것 들고 생긴 근육통인줄” 골든타임 놓쳐 사망한 인플루언서, 무슨 병?",Culture
969,[중동사태 한달]국내 완성차 5개사 부품사 '납사 대란 조사'…일부 품목 25% 인상,Culture
970,"""무식하게 많이 먹었다"" 49세 유지태, 촬영 위해 살 찌우다 ‘이 병’까지…무슨 일?",Culture
971,"대한항공, AI 탑재 차세대 고속 무인표적기 개발 속도",Culture
972,"벚꽃 시즌 시작인데, 최악 미세먼지 몰려온다…올봄 유독 하늘 탁한 이유",Culture
973,롯데온·G마켓서 저렴한 국내 여행 쏟아진다,Culture
974,장애인 출입 막은 예식장...이 뉴스로 '공감'을 가르칠 겁니다,Culture
975,"무뇨스 현대차 사장, “車 넘어 AI 첨단 모빌리티 기업 전환 가속”",Culture
976,로레알 상속녀 '세상에서 가장 부유한 여자'가 남긴 유산은?,Culture
977,"[날씨] 한낮 20도 안팎 '따뜻'…공기질 답답, 대기 건조",Culture
978,공공기관 차량 5부제 모든 지방정부 확대…경차·하이브리드차도 포함,Culture
979,"수면 위 오른 한국형 핵추진 잠수함, 대양 해군 도약 첫걸음",Culture
980,"최규환 대표, 일동홀딩스 새 선장…영업·마케팅 두루 거친 전문가(종합)",Culture
981,"[김성곤의 중국한시기행] 장강삼협, 유비의 죽음과 이백의 환희가 흐르다",Culture
982,'가족여행 다 망치게 생겼다'…5월 5일 앞두고 '날벼락',Culture
983,"현대차·기아, 이원화 전략으로 미래 성장 정조준",Culture
984,"“한국인들 참 좋아하는 ‘이것’, 담배보다 더 위험”…英 의사의 무서운 경고 [헬시타임]",Culture
985,빵에 살짝 찍어 먹으면 맛있는 '이것'⋯콜레스테롤·지방 태우고 당뇨에도 좋아,Culture
986,‘모텔 살인’ 범행 약물이 방송에 버젓이…‘그알’ “실체적 진실 알리려 했다”,Culture
987,"""경력 20년, 이제 흙 맛 좀 알죠""... 펭귄마을 공방 '마루도자기'",Culture
988,'왕사남' 1500만 흥행에 각본집도?…출판시장까지 삼켰다,Culture
989,축제예산 93%가 세금…30년 묶인 ‘기업후원’ 빗장 풀리나,Culture
990,"경제전쟁의 시대, 미국이 틀어쥔 ‘진짜 무기’는? [북적book적]",Culture
991,"""주말 나들이 좋아요""…다음주 초 남부 봄비",Culture
992,[헬스&라이프] 배달 음식·잦은 회식에 ‘젊은 대장암’ 습격…건강한 습관 가지려면,Culture
993,정자도 ‘유통기한’ 있다…“금욕 길수록 임신에 유리” 믿음 깨져,Culture
994,"경기도 북부청, 벚꽃 3월말 부천부터 개화 예측",Culture
995,"오늘도 마신 ‘이 음료’, 장내 유익균 늘린다",Culture
996,‘431억 재판’서 다니엘 측 “어도어 소송 지연에 피해 커”,Culture
997,"현대차 ""중국서 5년내 신차 20종 출시…연 50만대 판매 목표""",Culture
998,"김밥은 죄 없는데 “혈당 올리는 주범?”… ‘이렇게’ 만들었더니, 혈당 스파이크에 변화가?",Culture
999,"현대차 ""차세대 SDV 모델에 고속도로 '레벨2+' 자율주행 기본 탑재""",Culture
1000,[미션 톡!] AI 성경 박사던데…왜 믿지 말란 거죠?,Culture
1001,"벤츠, ‘가격 변동’ 피로도 없앤다… 4월부터 전국 단일가 판매시작",Culture
1002,"BTS 토크쇼서 ""北에서 온 사람 있나""…美코미디언 선넘은 농담 결국",Culture
1003,"‘남성의 기록’, 그 틈새로 본 여성의 이야기[북적book적]",Culture
1004,주말 20도 따뜻한 봄…다음 주 초 남부 중심 비바람,Culture
1005,"실연하면 술 찾는 초파리, 3mm 몸에 담긴 인류의 설계도 [ 단칼에 끝내는 곤충기]",Culture
1006,[날씨] 한낮 4월 하순만큼 따뜻…메마른 대기 '산불 조심',Culture
1007,"홍진경, 요즘 ‘이 음식’에 푹 빠졌다는데… “다이어트에 최고”",Culture
1008,낡은 침대를 바꿀까 고민하다 빈손으로 돌아온 이유,Culture
1009,"제국주의는 반복된다, 19세기 영국에서 21세기 미국으로",Culture
1010,계란 ‘이렇게’ 먹어야 다이어트 효과 제대로,Culture
1011,주말까지 최고 24.5도 '초여름 더위'…고기압 지붕 속 미세먼지 주의,Culture
1012,뒷담화에 비밀 누설까지…당장 손절해야 할 친구 유형 4가지,Culture
1013,"흰 머리, 늦출 수 있다면 지금이 시작할 때",Culture
1014,"정순택 ""빈 무덤은 절망 아닌 새 생명의 자리""…부활 메시지",Culture
1015,문체부 AI 행보…'조직·기준·현장' 3개 키워드 눈길,Culture
1016,430억 피소 다니엘 “어도어 소송 장기화 전략에 피해”…하이브 주가 소폭 상승,Culture
1017,"현대차, 정기 주총 개최…SDV 전환 전략 공유",Culture
1018,"“고물가 시대 가성비 김밥” 대형마트, 두 줄 김밥 ‘3980원’ 파격가 선언",Culture
1019,“빵이 주식인데”…‘식탁 위 발암물질’ 경고 나왔다,Culture
1020,"강남 집값 하락세, ‘투자의 법칙’ 바뀐다",Culture
1021,슈퍼크루즈 탑재 눈길…캐딜락 '2026 더 뉴 에스컬레이드' 출시,Culture
1022,"‘2천만원’ 보증금 내라…미국, 50개국에 ‘현금 장벽’ 세운다",Culture
1023,"현대차 ""125조 투자해 AI·로보틱스 기업 전환 가속""",Culture
1024,"자꾸 생기는 흰머리, 휴대폰 탓?… “5~7시간 사용하면 위험 7배” 왜?",Culture
1025,'슈퍼주총 데이' 관세·전쟁 불확실성 'AI·체질개선'으로 극복…주주환원 계속,Culture
1026,"""미리 사지 마세요""…다음달부터 '가격 인하'",Culture
1027,"홍서범·조갑경 아들, 임신 중 불륜 의혹…”아직 판결 안나” 반박",Culture
1028,세계에서 가장 비싼 스포츠 F1…'혁신의 속도'가 승부 가른다,Culture
1029,"""화면 볼 때마다 눈 '껌뻑껌뻑'""⋯'이 물' 꾸준히 마시면 노안·건조 증상 바로 '해결'",Culture
1030,영국 성공회 첫 여성 대주교 멀랠리 “고통받는 자 기억을”,Culture
1031,"""대전 화재 경보 울렸다가 바로 꺼졌다""",Culture
1032,"현대차, AI·로보틱스 기업 전환 가속화…현지화 속도(종합)",Culture
1033,"SK바이오팜, 中서 뇌전증 신약 ‘세노바메이트’ 출시·‥ ‘1.6조’ 시장 공략",Culture
1034,순진한 사회주의자를 배신한 소련…영화 ‘두 검사’의 질문,Culture
1035,"조원태 한진그룹 회장, 사내이사 재선임…""올해 통합 원년""",Culture
1036,"[중동사태 한달]'차량 5부제' 강화, 경차·하이브리드 포함…포스코 등 민간 자율참여 전국 확산",Culture
1037,"“증상 없어도 방치하면 급사”… 심장판막질환, ‘조기 수술’이 생명 갈랐다",Culture
1038,"""1717만 찍는다""…AI가 예측한 '왕사남' 최종 스코어[오목조목]",Culture
1039,"177억 최휘영 장관→166억 유홍준 관장, 고위공직자 재산 4·5위",Culture
1040,"""운동 안해도 근육 늘리고 지방 태워""... ‘운동 알약’ 인간 대상 첫 임상 시작",Culture
1041,요즘 쪽파는 보약... 파김치를 세 번이나 담갔습니다,Culture
1042,“아기 간지럽히면 뇌전증 온다” 정말? [SNS 팩트체크],Culture
1043,"김성은, 아이 셋 낳고도 날씬한 비결 ‘이것’이라는데… 뭘까?",Culture
1044,[날씨] 맑고 건조한 날씨 속 초미세먼지…서울 한낮 20도,Culture
1045,‘노화’ 아닌 ‘사용’의 문제… 달라진 회전근개 파열,Culture
1046,"80년 전 나치 면담 기록, 지금 우리에게 묻고 있다",Culture
1047,"대웅제약 “UDCA, 위암 수술 후 담석 위험 67% 낮춰”",Culture
1048,무뇨스 현대차 사장 “자동차 회사 넘어 기술 기업으로 전환 가속화”,Culture
1049,"“요요 막으려면”…8kg 감량 슈, ‘다이어트 식단’ 보니?",Culture
1050,"""헬리코박터, 제균하면 안심?""…흡연·음주 시 위암 위험↑",Culture
1051,"정부 ""차량용 요소수 정상 공급 중""",Culture
1052,2차 고시 앞두고 전국 휘발유값 15일만에 상승전환,Culture
1053,"남성암 1위 전립선암, '전이 단서' 찾았다…혈액 속 '이 세포' 주목",Culture
1054,“커피 들이부어도 졸린 오후 2시”…식곤증 싹 잡은 식사 중 ‘10초 룰’,Culture
1055,‘주 1회’ 직접 요리하면 치매 위험 30%↓…초보자는 효과 ‘2배’ [노화설계],Culture
1056,"SM 연습생, 데뷔 전부터 사생 피해 “숙소 침입, 신체접촉까지”",Culture
1057,"이중섭 화가 네 식구의 1.4평 단칸방, 말이 나오지 않았다",Culture
1058,"[잘늙을결심] 중고거래로 200여 개를 팔았다, 그때 만난 노인들",Culture
1059,"레시피보다 오래 남는 것들…시간, 사람 그리고 기억 [히데코의 힐링을 주는 레시피]",Culture
1060,안전공업 화재 여파로 모닝·레이 생산 중단…아반떼도 차질 가능성,Culture
1061,해경 경비함정 인천서 잇따라 충돌·침수…기강 해이 우려,Culture
1062,분식집 최대 경쟁자는 ‘여기’…김밥 두 줄 3980원에 내놓은 마트,Culture
1063,"이규복 현대글로비스 대표 ""AI 로보틱스 생태계 내 실행력 뒷받침 할 것""",Culture
1064,“암세포 미친 듯 증가”… 종양내과 의사가 꼽은 ‘의외의 음식’,Culture
1065,헬리코박터균 없애도 방심 금물… 술·담배 계속하면 위암 위험 '쑥',Culture
1066,"현대차, 현지화 전략 강화…AI·로보틱스로 체질 바꾼다",Culture
1067,조원태 한진그룹 회장 “통합 항공사 출범 원년…글로벌 톱 캐리어 도약”,Culture
1068,[아침뉴스타임 날씨] 낮 동안 먼지 안개…주말까지 공기 탁하고 건조,Culture
1069,"무뇨스 현대차 사장 ""車 넘어 AI 기술기업 전환 가속…현지화 강화""",Culture
1070,"“고향 품으로, 환자 곁으로” 개원 앞둔 울주군립병원 ‘활기’",Culture
1071,"유유제약, 보유 자사주 전량 소각 및 현금배당 지급...주주친화 행보",Culture
1072,헬리코박터균 없애도 방심 금물?…위암 요인 살펴보니,Culture
1073,"“면역력 상승, 꼭 마셔라” 김영옥, ‘이 음료’ 권하던데… 뭐야?",Culture
1074,"대구 동화사 극락전, 전면 해체·보수한다",Culture
1075,[약손+] 무심코 넘기면 위험하다 “피부암 제대로 알기” ⑭피부암 수술적 치료,Culture
1076,아시아 최고 레스토랑 50곳은?… 한국 레스토랑 6곳 선정,Culture
1077,[930 날씨] 낮 동안 먼지 안개…주말까지 공기 탁하고 건조,Culture
1078,"""속옷에 피 묻은 채 돌아온 5살 딸""..응급실 검진 결과 '이 병' 감염, 무슨 일 [헬스톡]",Culture
1079,"[자막뉴스] BTS 진, '아리랑' 크레딧서 홀로 제외...복귀와 함께 논란도 속속",Culture
1080,당신이 지난 밤 침대에서 뒤척인 몇 가지 이유에 관하여,Culture
1081,“2000년 전 사건이 나랑 무슨 상관?” 십자가 앞에서 길을 잃은 당신에게,Culture
1082,‘한발 서기’가 노화 척도…연령대별 얼마나 버텨야 정상?[노화설계],Culture
1083,아내랑 마을 뒷동산에 올라 냉이 캐던 날,Culture
1084,장이 편안해야 뇌도 튼튼...어떤 식품 먹어야 좋을까?,Culture
1085,"내일 전국 미세먼지 '나쁨', 수도권·충북 '최악'…낮 최고 24도 '따뜻'",Culture
1086,"학생도 직장인도 ‘꾸벅꾸벅’…나른한 봄, 활기차게 이겨내려면?",Culture
1087,왜 자단목인가…신안선 50년 연구 '마지막 퍼즐',Culture
1088,"""몽골 문자 아닐까"" ""100억까지 가능"" …자단목 첫 공개 현장",Culture
1089,[오늘의 운세] 2026년 3월 26일 띠별 운세,Culture
1090,"“부활절, 기독교인만의 기념일 아냐...분열에서 하나되는 날”",Culture
1091,"대한항공, AI 기술 접목 차세대 고속 무인표적기 개발 속도",Culture
1092,국내 친환경 수입 승용차 시장 10년 새 15.9배 확대,Culture
1093,정밀 진단서 '빨간불'…대구 동화사 극락전 해체·보수한다,Culture
1094,"""만지지 마세요"" 귀여워서 달았는데…알고 보니 549배 '납 폭탄'",Culture
1095,브루나이 모스크에서 전제군주제를 생각하다,Culture
1096,근육질 글로벌 스타가 시민 폭행? 나락 직전 ‘보디캠’에 찍힌 반전,Culture
1097,버섯과 마늘은 ‘이렇게’ 먹어야 효과 제대로,Culture
1098,"아시아 50 베스트 레스토랑 2026… 한국 6곳, 존재감 키웠다 [쿠킹]",Culture
1099,[날씨] 서쪽 짙은 안개 주의…당분간 맑고 포근한 봄,Culture
1100,1970년대 공고생은 왜 지금 박정희를 향수할까,Culture
1101,“한국 관광 가속페달 밟는 중…2028년 3천만 외국인 관광객 목표”,Culture
1102,"1000만 관중 시대…야구장 먹거리, 어떻게 즐길까 [쿠킹]",Culture
1103,[출근길인터뷰] 단종의 마지막 숨결…'월중도' 특별 공개,Culture
1104,"“개그맨 선배들 가혹행위에 펑펑 울었다”…정선희 폭로, 무슨 일이",Culture
1105,구독제 효과 증명…티켓 판매액 3년 만에 7억 증가 [공연 큐레이션②],Culture
1106,"“장수말벌 사고에 의식 잃어”…이승윤, ‘자연인’ 촬영 중 응급실 간 사연",Culture
1107,"지난 밤새 식탁에 둔 남은 밥, 먹어도 괜찮을까?",Culture
1108,최휘영 문체장관 177억원 재산 보유…국무위원 2위,Culture
1109,'두쫀쿠'보다 싼 바람막이…'다이소' 대박템 나왔다,Culture
1110,“매일 먹던 편의점 도시락의 배신”…사망 위험 14% 올리는 ‘초가공식품’의 습격,Culture
1111,‘어도어 vs 다니엘·민희진’ 430억대 손해배상 소송 오늘 시작,Culture
1112,젊은 나이에 왜 그런 병에 걸렸냐고요? [콘텐츠의 순간들],Culture
1113,[날씨] 전국 초미세먼지 '나쁨'…서쪽 짙은 안개,Culture
1114,"[李정부, 통제vs과제] ""버티던 의료진도 떠난다""…현장 외면한 필수의료 대책",Culture
1115,[잇슈 컬처] 강동원·옥주현·씨엘…기획사 미등록 스타들 기소유예,Culture
1116,"""몸에 안 좋은 거 아녔어?""… '이런 사람'은 고기 먹으면 치매 위험 45% 뚝",Culture
1117,'어쩐지 공기가 탁하더라'…서울 미세먼지 심해지는 이유,Culture
1118,"“20대 체력” 66세 의사, 매일 뭐 먹길래 활력 넘칠까… 식단 봤더니?",Culture
1119,"혈당 잡던 ‘엔블로’, 심장·신장약으로…국산 신약의 두번째 도약 [바이오리더스클럽]",Culture
1120,등산객 구조한 뒤 호텔비까지 덤터기 쓴 구조대,Culture
1121,운동 후 OO 한잔…노년층 근력·골밀도 차이 만든다,Culture
1122,[출근길 YTN 날씨 3/26] 오늘도 일교차 큰 봄 날씨...전국 초미세↑·대기 건조,Culture
1123,"'홍서범·조갑경' 아들, 아내 임신 중 여교사와 불륜 의혹...며느리 ""시부모는 방관""",Culture
1124,[Why&Next]담합 식품사 작년 '적자행진'…1兆 과징금 '선반영',Culture
1125,"삼성·롯데는 믿고 본다…공연·전시 뛰어든 대기업, K문화 '활짝'",Culture
1126,"“혈압·콜레스테롤 낮추는 효과”… 매일 먹는 ‘이 음식’, 정체는?",Culture
1127,[날씨클릭] 오늘 맑고 건조한 봄 날씨…초미세먼지 '나쁨',Culture
1128,“아침 공복에 ‘이것’ 먹으면 살 빠져”…종일 배부르고 든든한 음식 7가지,Culture
1129,‘20kg 감량’ 한혜연 “‘이것’ 지켰더니 기가 막히게 살 빠져”…간식도 남다르다고?,Culture
1130,[오늘의 운세] 2026년 3월 26일 별자리 운세,Culture
1131,"중증 대동맥판막협착증, 증상 없어도 빨리 수술해야 오래 산다",Culture
1132,근손실 막을 열쇠 찾았다…근육 키워주는 장내 유익균 발견,Culture
1133,"높아진 TV 볼륨, 답답한 귀…‘소리 없는’ 불청객 ‘난청’",Culture
1134,‘대동맥판막협착증’ 증상 없어도 일찍 수술하면 10년 이상 장기 효과 나타나,Culture
1135,"약가인하 압박 현실화…제약사, 사업구조 재편 움직임",Culture
1136,"급사 부르는 '이 병' 증상 없어도 수술→10년 추적→""수술이 옳았다""",Culture
1137,'최고 23도' 완연한 봄 날씨…전국 곳곳 미세먼지 '나쁨'[오늘날씨],Culture
1138,[날씨] 포근함 속 미세먼지 …아침 서쪽 짙은 안개 주의,Culture
1139,"英 유명 의사, 매일 ‘이것’ 3알 추천… “면역력·뇌 건강에 도움”",Culture
1140,"""우리 아이 눈 왜 이래요""…희귀 안구암 '망막모세포종' 뭐길래 [헬스톡]",Culture
1141,스마트폰 5배 ‘1000럭스 빛 폭탄’…숙면 고수들의 ‘암흑의 5분 루틴’,Culture
1142,단종의 비극적 역사 40년간 그려온 화가 “저도 믿어지지 않아요”,Culture
1143,“자고나면 손이 찌릿”…연간 환자 2만7000명 ‘티라노 자세’ 경고,Culture
1144,"재일 한국인 차별 항의 ‘김의 전쟁’ 권희로, 귀국 후 범죄에 日 반응은?",Culture
1145,“요거트 말고도”… 장 건강하게 해주는 음식 5가지,Culture
1146,20년간 감기 안 걸렸다…94세 방사선 교수의 '20분 습관',Culture
1147,왕복 기차표가 공짜? 10만원 돌려받는 '반값 영월 여행' 비결,Culture
1148,"""튜브 깎아 소아 치료하던 비극 끝""…10년의 집념이 만든 기적",Culture
1149,"""주방에서 '이것' 당장 버리세요""…'세균 득실' 식중독 일으킬 수도 [건강잇슈]",Culture
1150,목 잠길 땐 미지근한 물 마시고 습도 높이는 게 ‘약’[이진한 의학전문기자의 메디컬 체험],Culture
1151,[더사주 오늘의 띠별 운세] <3월 26일 목요일(음력 2월8일)>,Culture
1152,“몸속 염증 싹 치운다” 만성질환자 먹으면 더 좋은 ‘이 곡물’,Culture
1153,107세 이삼추 할머니 “10kg 쌀도 번쩍”…의사도 놀란 ‘이 습관’ 뭐길래?,Culture
1154,"“술만큼 간 혹사한다” 가정의학과 교수가 경고한 ‘이 음식’, 뭐야?",Culture
1155,"""부처의 선물"" 20.5cm 속눈썹 가진 中 여성…'비대증' 원인은 [헬스톡]",Culture
1156,"BTS, 복귀하자마자 1위...홍보영상 '흑인 표현' 논란",Culture
1157,"사도적 교회, 문명이 잃어버린 마지막 희망",Culture
1158,[가정예배 365-3월 26일] 끄트머리 믿음,Culture
1159,[오늘의 설교] 슬픔을 기쁨으로 바꾸신 하나님,Culture
1160,"“하루에 화장실만 100번 갔다”… 크론병 극복한 30대 男, 비법은?",Culture
1161,"“살 빼주는 음료” 이영자, 물에 ‘이것’ 넣던데… 대체 뭐야?",Culture
1162,147억 소녀·95억 호박...국내 경매 최고가 깨질까?,Culture
1163,[오늘의 운세] 3월 26일 목요일 (음력 2월 8일) 띠별 운세,Culture
1164,"동맥경화 관련 질병, 심장서 뇌로 옮겨간다",Culture
1165,한국 여성 10명 중 9명이 건성 피부라고 착각,Culture
1166,약속 지킨 최휘영 문체부 장관…주식 147억원어치 팔았다,Culture
1167,"허민 국가유산청장, 재산 22억 9996만 원 신고[재산공개]",Culture
1168,"매일 먹은 영양제가 세균 범벅?… “‘이것’ 확인해야” 약사 경고, 왜?",Culture
1169,여성 성욕 낮은 이유 있었다… 의외의 ‘이 경험’ 때문,Culture
1170,역대급 불확실성 직면한 현대차…주총서 강조할 전략은,Culture
1171,"고위공직자 재산, 평균 21억…이세웅 평북지사 1587억으로 최다",Culture
1172,최휘영 문체부 장관 재산 177억 4위…유홍준 관장 162억 5위[고위공직자 재산공개],Culture
1173,이미선 기상청장 재산 49억 신고…9천만원 증가,Culture
1174,낮 최고 23도 전국 맑고 큰 일교차...봄철 챙겨야 할 건강기능식품 [오늘 날씨],Culture
1175,"""5000원 바람막이 사러 간다""…다이소가 쏘아올린 가성비 의류 시장",Culture
1176,"[재산공개] 최휘영 장관, 네이버 주식 전량 매각…61억 줄었지만 그래도 177억",Culture
1177,[재산공개] 최휘영 문체부 장관 177억 4위…주식 일부 백지신탁,Culture
1178,[2026 재산공개]최휘영 장관 신고액 177억원…'주식 백지신탁' 61억원 줄어,Culture
1179,"[에스프레소] 대구 50대의 민주당 지지, 결국 일자리 문제다",Culture
1180,[이응준의 과거에서 보내는 엽서] [59] 敵이 없음을 자랑 마라,Culture
1181,"[알파고의 지식램프] [1] 간첩 같은 단어 ‘대박’, 나만 거슬리나?",Culture
1182,"[천현우의 세상 땜질] 키, 연봉, 운동, 차… 청년들이 ‘기준 강박’에 갇힌 이유",Culture
1183,"대박 조짐…'지드래곤 호두과자' 뭐길래, 출시 전부터 ""대리구매 구해요""",Culture
1184,“노른자 진할수록 좋은 계란?” 달걀 색깔 차이의 ‘진짜’ 이유는?,Culture
1185,[날씨] 당분간 일교차 큰 봄 날씨…대기 건조 '불조심',Culture
1186,링거 줄에 보이는 공기 한 방울… 놔둬도 괜찮나?,Culture
1187,“이게 마트에 있었다고?”…암 억제에 뱃살까지 빼는 ‘기적의 씨앗’ 정체,Culture
1188,남성 소변 후 '이것' 안 하면…전문가 섬뜩한 경고,Culture
1189,"단백질 보충, ‘육포’로 해도 괜찮을까?",Culture
1190,[뉴스9 날씨] ‘산불 조심’…내일 초미세먼지 ‘나쁨’,Culture
1191,"‘20kg 감량’ 박세미, ‘이 음식’ 먹으며 뺐다는데… 뭐지?",Culture
1192,[날씨/XR] 20도 안팎 '완연한 봄'…전국 먼지 농도 나쁨,Culture
1193,브로콜리 ‘이렇게’ 익혀야 항암 성분 많아진다,Culture
1194,[날씨] 내일도 건조·미세먼지 '나쁨'‥일교차 크게 벌어져,Culture
1195,"""자취할 때 도마 하나로 3년 썼는데""…아끼다 '식중독' 지뢰 키웠다",Culture
1196,장내 유익균 활성화하려면? 장 건강에 좋은 음식 9가지,Culture
1197,"[날씨] 내일도 하늘 쾌청, 공기 질 '나쁨'…큰 일교차 주의",Culture
1198,[주말부부 이야기] 결혼 19년차인데 셔츠 색깔 괜찮은지 물어볼 사람이 없다,Culture
1199,"“불안 탓이라던 두통”…30대에 생리 멈춰 알게 된 ‘이병’ 20년간 놓쳐, 무슨 일?",Culture
1200,"""반값 돌려받았어요"" 직장인 환호…국내 여행 푹 빠진 이유 [트래블톡]",Culture
1201,[날씨] 내일도 따듯한 봄날씨...미세먼지 농도 '나쁨',Culture
1202,"BTS, 복귀 직후 1위...홍보영상 '흑인 표현' 논란",Culture
1203,"“3월 월급 다 못받았는데”…홈플러스 생사 달린 익스프레스 매각, 경쟁력은",Culture
1204,지긋지긋한 미세먼지 내일도 '나쁨'…한낮 23도 '따뜻'(종합),Culture
1205,"“몽골 수도, 이제 ‘울란바토르’ 아닙니다”…‘제 이름 찾기’ 나선 각국 지명들",Culture
1206,[근교산&그너머] <1455> 경남 거제 산방산,Culture
1207,"""팔 들 때마다 어깨 '뚝'하며 통증""…'오십견이겠지' 참다가 힘줄 봉합조차 못하는 '이 병' [이거 무슨 병]",Culture
1208,단백질 ‘이렇게’ 먹었더니 “혈당-체중 관리에 성공”…사과는 어떻게 먹을까?,Culture
1209,시원하게? 덥게? 건강에 좋은 수면 최적 온도는,Culture
1210,"[날씨] 맑고 따뜻한 봄 날씨…대기 건조, 화재 주의",Culture
1211,"“40kg대 유지 비결” 송가인, 3개월 ‘이것’ 하니 살 빠졌다… 뭐지?",Culture
1212,세계로 뻗는 바이오 빅3… 작년 R&D 투자 첫 1조 넘었다,Culture
1213,"""뱅크시 실체, 굳이 알려야했나""…'익명 화가' 공개에 비난 여론",Culture
1214,[신간] 미래학자 홍성국 '더 센 파시즘'…100년 전보다 센 파시즘이 전세계를 집어삼킨다,Culture
1215,"저속노화 정희원, 사생활 논란 4개월 만에 복귀... 첫 영상 내용은?",Culture
1216,"조금만 움직여도 아픈 어깨, 오십견 아닌 ‘이 증상’일 수 있다",Culture
1217,"오늘도 누군가는 총을 쏩니다, 캉디드처럼",Culture
1218,"“어, 핸드폰 좀 들여다본다고...혈압·콜레스테롤이 이렇게나 높아지나?”",Culture
1219,“엊그제 패딩 벗었는데”…목요일(26일) 한낮 최고기온 23℃,Culture
1220,"GM, 한국에 총 8800억원 투자",Culture
1221,韓철수설 불식한 GM … 9천억 투자 승부수,Culture
1222,“갱년기겠지” 했다가 뇌종양…‘이 증상’ 방치하다 눈 실명한 50대女,Culture
1223,"英 무대 오르는 신림동 반지하…""실제 보니 '기생충' 방보다 작아""",Culture
1224,안 쓰면 망가지는 정자…오래 저장 시 DNA 손상·기능 저하,Culture
1225,성병·마약·독감...집에서 자가검사 가능해진다,Culture
1226,[날씨] 연일 불청객 미세먼지 기승…중부·경북 건조특보,Culture
1227,"장내 미생물, 근력에도 영향 준다… ‘이것’ 먹어라",Culture
1228,"""산책도 위험할 수 있어요""...할머니 10명 중 3명 '비상'",Culture
1229,"벤츠, 신형 마이바흐 S클래스 첫선… AI 활용 ‘주행보조’ 기능혁신",Culture
1230,"""나이 마흔살에 여드름이…ㅠㅠ"" 봄철 얼굴 망치는 뜻밖의 원인",Culture
1231,탄소법 공론화 '균열' 지속…TV토론 앞두고 숙의단 8인 사퇴,Culture
1232,CT 시장 지각변동… 지멘스 독주 속 GE 가세로 ‘광자계수’ 경쟁 격화,Culture
1233,"62㎏ 직장인 출신, 163㎏ 거인 쓰러뜨렸다…日스모판 ‘다윗과 골리앗’",Culture
1234,"GM, ‘한국 철수설’ 잠재울까...소형 SUV 중심 8800억 투자",Culture
1235,"울릉도-독도 선 긋고, 최근 사진 넣고…정교해진 日 교과서 왜곡",Culture
1236,“광고비 얼마 냈길래?”… BTS 컴백공연 중 뜻밖의 ‘신스틸러’ 된 한글 간판,Culture
1237,"혈당 낮추는 올리브유, ‘이것’과 먹으면 시너지 폭발",Culture
1238,"“오픈런 해드려요”…지드래곤 호두과자, 출시 전부터 ‘대박 조짐’",Culture
1239,생각이 너무 많나요? 문제는 '내'가 아닌 '뇌'에 있어요,Culture
1240,반려견이 암에 걸렸나요?…식단 관리 이렇게,Culture
1241,"훈련사 꿈꾸는 고교생 “‘동물 5대 자유’ 배우고 깨달았죠, 우리랑 같구나”",Culture
1242,“다이소 또 일냈다” 이걸 ‘5000원’에 판다고?…업계 술렁,Culture
1243,"머리카락, 점점 얇아진다면…두피 관리를 시작할 때",Culture
1244,"[단독] ‘마운자로 오남용’, 대학병원까지… 과잉 진료·대리 처방 정황",Culture
1245,“왜 흡연자들만 업무 시간에 쉬나요?” 비흡연자용 ‘담타 사이트’ 등장,Culture
1246,"""남들과 달라, 빛이 반짝""… 안구암이었다, 한쪽 눈 적출한 안타까운 사연",Culture
1247,"벤츠, '더 뉴 메르세데스 마이바흐 S클래스' 최초 공개",Culture
1248,"셀트리온, ‘마이크로바이옴 신약’ 개발 나서… 고바이오랩과 라이선스 계약",Culture
1249,"유가 급등에 전기차 전환 본격화…""아시아 확산 속도↑""",Culture
1250,"""철수설 불식""…GM, 한국 사업장에 약 4400억 추가 투자 [종합]",Culture
1251,"""지드래곤 호두과자 대신 사드립니다""… 출시 전부터 대박 조짐",Culture
1252,[날씨] 내일 전국 맑고 포근…미세먼지·일교차 조심,Culture
1253,"K게임 매출 23.8조, 수출 11.6조...세계 4위 유지",Culture
1254,"GM, 한국에 8800억원 베팅…인수 후 첫 공장 설비개선 투자",Culture
1255,"""기름값 폭등에 5부제까지 스트레스""…내연차 보러 왔다가 결국",Culture
1256,아침에 일어났는데 발목 힘 빠지며 ‘풀썩’⋯뇌졸중 아닌 ‘이 병’ 때문이었다? ,Culture
1257,GM “한국사업장에 8800억원 투자”···틈만 나면 나오던 ‘철수설’ 잠재울까,Culture
1258,지중해식 식단 왜 좋나 했더니…세포 속 단백질이 달랐다,Culture
1259,기생부터 공주·식모까지…한국사 속 숨은 여성의 목소리를 듣다,Culture
1260,"“고엽제 피해, 골수이형성증 환자도 인정해야”…美마이애미대 밝혀",Culture
1261,"계엄 이후 눈 뜨면 뉴스 보는 습관, 그러다 알게 된 것",Culture
1262,"경유 승용차, 3월까지 인증 단 1종...'퇴출' 수순 밟나",Culture
1263,"‘왕과 사는 남자’ 관객수 1500만 명 돌파…누적 매출액 1,441억 원",Culture
1264,"""수술 더 빨리했어야"" 미숙아 뇌 손상에 3억 배상 판결...의사들 '반발'",Culture
1265,“정통 교회까지 위축 우려… 민법개정안 철회해야”,Culture
1266,덜 짜고 덜 달게 ‘마이나슈’…나를 위해 ‘삼삼한’ 실천 해볼까,Culture
1267,불교박람회·선명상대회 4월 2~5일 코엑스·봉은사에서 열린다,Culture
1268,공(球) 받고 공(空) 이해하기… '힙불교' 축제에 25만명 모인다,Culture
1269,[단독] 소아 희귀질환 환자 4만명 넘었는데…전용 급여약은 5년간 달랑 1개,Culture
1270,"GM, 한국사업장에 총 8800억 원 투자…""소형 SUV 거점 경쟁력 강화""",Culture
1271,"퇴근길 도로위에 나타난 '말'…""아찔했던 20분""",Culture
1272,"볼보 EX30, 가격 인하 2주만에 2000대 넘게 신규 계약",Culture
1273,"기아 모닝·레이, 27일부터 생산 일부 중단…“대전 안전공업 화재 여파”",Culture
1274,[내일 날씨] 전국 대체로 맑아…수도권 미세먼지는 '나쁨',Culture
1275,"집 있던 그 자리 메밀꽃 피웠네, 산불 그후 안동",Culture
1276,"GM, 한국에 8800억 투자…소형 SUV 생산 거점 경쟁력 확대",Culture
1277,"GM, 한국에 9000억원 투자… 철수설 끊고 ‘소형 SUV’ 거점으로(종합)",Culture
1278,"신발보다 세균이 많은 것으로 밝혀진, 이 ‘여행 필수품’은?",Culture
1279,"'세계 4위' K게임, 한 해 24조원 벌었다…""中 게이머가 1등 손님""",Culture
1280,남성 78% 소변 후 휴지 안 쓴다… 암 유발하는 ‘위험한 습관’,Culture
1281,"“숨만 쉬어도 90% 감염”…코로나 이후 최대 규모, 한국도 안심할 수 없다는데",Culture
1282,"“가난해도 아첨하지 않고, 부유해도 교만하지 않다”…日 소장 안중근 유묵 공개",Culture
1283,"삼성바이오·셀트리온·SK바사, 지난해 R&D에 1조원 쏟았다",Culture
1284,"첫 월급, 장학금으로 흘려보낸 한동대 선배의 후배사랑",Culture
1285,'중동발 원가 쇼크' K뷰티 가격 올리나,Culture
1286,모닝·레이 생산 중단에 아반떼도 출고 지연… 소형차부터 덮친 현대차·기아 부품난(종합),Culture
1287,"""몸속 찌꺼기 못 빼면 병 된다""⋯'이것' 하나로 해독·순환·당뇨 싹 잡는다",Culture
1288,"‘공놀이’ 하러 불교박람회 간다?···반야심경×힙합, 그 맞은편에선 ‘AI 마음처방’",Culture
1289,"코로 흡입하는 ‘중국산 에너지바’, 폐 손상 우려",Culture
1290,"'사생활 논란' 정희원, 100여일만에 유튜브 복귀",Culture
1291,"DJ와 '공' 파티, AI가 마음처방…'쏘 핫'한 불교 축제 열린다",Culture
1292,"은하수처럼 넓은, 전설이 된 한탄강 이야기",Culture
1293,"㏗ 4.5 탄산수, 정말 치아 법랑질 녹일까?[건강팩트체크]",Culture
1294,“주방에서 가장 더러운 물건?”…수세미를 제대로 관리하는 법,Culture
1295,[신간] 출산지원금 늘려도 왜 안 낳을까…'결혼 옵션 세대',Culture
1296,국내 벚꽃 1위 여의도 런트립..메리어트가 알아봤다,Culture
1297,"뱅크시 정체 만천하에 공개되자…""눈치 없어"" 비난 폭주",Culture
1298,항공료 오르기 전 마지막 기회…유럽여행 막차 잡아볼까,Culture
1299,고지혈증-고혈압-고혈당 “혈관 망가지는 출발점”… ‘이렇게’ 먹으면 좋은 이유?,Culture
1300,"케데헌 인기 어디까지…美맥도날드, 헌트릭스·사자보이즈 세트 출시",Culture
1301,"농협개혁위, 선거·인사제도 개선 등 13개 개혁 과제 확정",Culture
1302,"암 환자 스트레스, 치료 변수 될 수도",Culture
1303,"포모가 만든 투자 열풍, 그리고 무너진 마음…손실 이후를 다룬 심리학의 통찰 《손실의 심리학》",Culture
1304,"""300만원 선결제했는데""…문 닫은 산후조리원에 분통",Culture
1305,샴페인처럼 폭발하는 첫 비명...알을 깨고 나온 싱클레어,Culture
1306,[부산일보 오늘의 운세]3월 26일(음 2월 8일),Culture
1307,“한국 맥날 맛 그대로” 미국서 터진 ‘케데헌’ 콜라보,Culture
1308,"'첫 정치인 출신' 박홍근 장관 ""대한민국 설계·운명 개척""",Culture
1309,판빙빙이 홍라희·이미경과 한자리에? ‘오겜’ 황동혁 감독과 깜짝 ‘투샷’,Culture
1310,"“혈액 낭비한다”…헌혈 간기능 검사, 36년 만에 폐지 추진",Culture
1311,[날씨] 따뜻하지만 메마른 대기…봄철 초미세먼지 기승,Culture
1312,"모나리자를 보고 있을 때, 루브르 직원이 열어준 바리케이드",Culture
1313,산후 우울증은 엄마만?…“아버지는 1년 뒤 30% 증가”,Culture
1314,"“몇 달 굶어도 멀쩡”…비단뱀의 피로 살 뺀다, 식욕억제 물질 발견",Culture
1315,[날씨] 따뜻한 봄볕에 기온 올라...산불 위험·초미세먼지 유의,Culture
1316,장수 전문가가 뽑은 ‘저속노화’ 식품 1위는…,Culture
1317,"""집 번뇌는 집에서 끝내라""…상진 스님이 전한 마음관리법",Culture
1318,"한국은 종량제 봉투, 일본은 휴지 사재기…다시 번지는 ‘공황 소비’",Culture
1319,[오후날씨 꿀팁] 포근하지만 초미세먼지 ‘나쁨’…산불 주의,Culture
1320,종묘 앞 개발 대립에 압박 수위 높이는 국가유산청... 서울시 보란 듯이 엠블럼으로,Culture
1321,욕실 냄새 제거부터 줄눈 청소까지…세제없이 집에 있는 ’이것‘으로 끝,Culture
1322,"""친정엄마 안 계시니""... 팀장의 한마디에 피가 거꾸로 솟았다",Culture
1323,"""물과 귤은 늘려야 하지만""... 신장결석에 위험한 음식?",Culture
1324,인공지능 시대에 마음 놓을 자리는…국제선명상대회 4월 개막,Culture
1325,침 맞고 ‘움직였더니’… 목 통증 4배 빨리 나았다,Culture
1326,"“중동길 막히면 이게 더 문제, 車 못만들 판”…전세계 알루미늄 사재기 움직임",Culture
1327,악마들이 세운 거대한 궁전에 맞선 고3의 이야기,Culture
1328,"[박미영의 예술기행] 파묵칼레, 히에로폴리스",Culture
1329,"엄마만 겪는 줄 알았는데… 아빠 산후우울증, 1년 뒤 온다",Culture
1330,임신 전 '잠깐' 피운 담배도… 자녀 자폐·ADHD 위험 높인다,Culture
1331,"“쉰 살 넘어 진단 받은 희귀 심장병, 이대로 죽나 싶었는데…”",Culture
1332,"“11분 더 자고, 채소 한 줌 더”…작은 변화 3가지, 심장병 위험 낮춘다",Culture
1333,"코인 바꿔 공놀이하고, DJ소다 춤추고, 꽃스님 만나고…서울국제불교박람회 4월 개막",Culture
1334,"랄랄, 2주 동안 4kg 감량… 비결은 바로 ‘이것’",Culture
1335,‘전기차·SUV’ 시장 넓히는 넥센타이어… iX3·무쏘에 OE 공급,Culture
1336,지드래곤 '데이지 호두과자' 26일 출시…벌써 대리구매 등장,Culture
1337,[날씨] 한낮 20도 안팎 포근하지만 공기 탁해…대기 건조,Culture
1338,척박한 땅에서 피워낸 ‘위로의 꽃’…추정화·허수현 부부의 창작일지 [인터뷰],Culture
1339,BTS 완전체 귀환에 고양 숙소 검색량 ‘폭발’… 최대 185배 폭증,Culture
1340,일본 벚꽃 시즌 렌터카 수요 증가…소도시 검색 최대 212%↑,Culture
1341,"50세 야노 시호, 명품 몸매 비결은 20년간 매일 아침 ‘이 운동’…뭘까?",Culture
1342,'태양의 서커스'가 150만 갤런의 물로 써주는 초현실적 '오쇼',Culture
1343,"노인, 고소한 ‘이것’ 껍질째 먹으면 기억력 좋아진다",Culture
1344,[날씨체크] 건조한 대기에 미세먼지도 '나쁨'···기온은 '껑충',Culture
1345,"[단독] 기아 소형차 모닝·레이, 27일부터 생산 중단… 대전 화재 영향",Culture
1346,"처음부터 정책 빗나갔다…'500만명' 한국 온 중국 더 끌어오고, 日은 다시 오게 해야",Culture
1347,서울 역세권 325곳 복합개발…이동 거점에서 '생활 거점'으로,Culture
1348,"양재대로, 26일부터 자동차전용도로 해제…37년 만에 일반도로화",Culture
1349,땅콩버터가 노년층의 근력 강화에 도움이 될까?,Culture
1350,36년 만에 ‘헌혈 간기능 검사’ 폐지 추진… 혈액 낭비 줄어들까,Culture
1351,네이버웹툰 미국 본사‘세계 혁신 기업’ 선정…2023년이어 두 번째,Culture
1352,"비만약 위고비, 살만 빼는 게 아니었다… 심장 ‘미세혈관’ 보호 기전 규명",Culture
1353,"“동안 비결일까” 박보영 먹는 ‘이 음식’, 대표적 항산화 식품",Culture
1354,입법·행정·사법 권한을 한 손에 쥐고 있는 브루나이 국왕,Culture
1355,강남 사모님들 “이제 마음 놓고 맡겨요”…루이비통 이긴 사장님,Culture
1356,하루키 소설 속 그녀는 왜 블러디 메리를 마셨을까 [정인성의 예술 한잔],Culture
1357,김진명 “문해력 붕괴는 나라 붕괴…한글 소중함 알아야”[헤경이 만난 사람],Culture
1358,아시아 최대 미술장터 아트바젤 홍콩 개막…회복세 시험대 올랐다,Culture
1359,"세계 3위 삼성서울 암병원, 글로벌 '환자 삶의 질' 평가 기준 만든다",Culture
1360,"‘저속노화’ 정희원, 4개월 만에 유튜브 복귀…“걱정해주셔서 감사”",Culture
1361,"벤츠, 더 뉴 마이바흐 S-클래스 공개…럭셔리 세단 공략",Culture
1362,"노바티스, 시노베이션 차세대 치료제 인수… 유방암 파이프라인 강화",Culture
1363,[아침뉴스타임 날씨] 전국 초미세먼지 ‘나쁨’…포근하고 건조,Culture
1364,"메르세데스-벤츠, 마이바흐 S클래스 페이스리프트 모델 첫 선",Culture
1365,"""대형 전기 SUV 중 가성비 최고""…기아 EV9 GT, 독일서 극찬",Culture
1366,장 건강 전문가들이 밝힌 ‘소화 잘되는 사람들의 비밀’,Culture
1367,"""확실히 앞서있다""…'車 본고장'서 볼보 EX90 제친 기아 EV9 GT",Culture
1368,벌써 '대리구매'까지…팬심 흔든 '지드래곤 호두과자',Culture
1369,"""부작용 피하려고 방사선 줄였는데""…10년 뒤 시력저하 위험↑",Culture
1370,90만 명 몰려오는데… ‘카지노·CIQ’ 족쇄에 발 묶인 부산항,Culture
1371,"""선결제했는데 폐업""…돌연 문 닫은 산후조리원에 고소장",Culture
1372,"삼천당제약 대표 2500억 매각 계획…""곧 중대 소식"" 예고에 관심",Culture
1373,살이 더 안 빠지네...다이어트 할 때 정체기 오는 이유,Culture
1374,"""변호사 우영우가 울겠네""...120마리 남방큰돌고래 보호법, 정부가 막았다",Culture
1375,"웹툰 엔터테인먼트, 세계에서 가장 혁신적인 기업됐다",Culture
1376,[날씨] 광주·전남 온화한 봄 날씨…광주 종일 대기질 탁해,Culture
1377,[약손+] 무심코 넘기면 위험하다 “피부암 제대로 알기” ⑬피부암 진단과 비수술적 치료,Culture
1378,‘쓰봉’ 못 살 수도 있다는데…비닐 대란 생존비결은,Culture
1379,“대신 구매해드려요” 출시 전부터 오픈런 예고한 지드래곤 굿즈,Culture
1380,"매일 11분 더 잤더니 일어난 놀라운 변화…""심장병 위험 10% 감소""",Culture
1381,[930 날씨] 전국 초미세먼지 ‘나쁨’…포근하고 건조,Culture
1382,"벤츠, ‘더 뉴 메르세데스-마이바흐 S-클래스’ 베이징서 최초 공개",Culture
1383,"벤츠, V8 ‘더 뉴 마이바흐 S클래스’ 베이징서 세계 최초 공개",Culture
1384,"""럭셔리란 이런 것이다""…'더 뉴 메르세데스 마이바흐 S 클래스' 공개",Culture
1385,“출퇴근 지하철 승객 8%는 무임혜택 노인”…무임승차 제한 논의 불붙나,Culture
1386,'고양 숙소' 검색량 185배 폭증…BTS 월드투어 앞 아미노믹스 위력,Culture
1387,"""품격의 완성""…'메르세데스-마이바흐 S-클래스' 세계 첫 공개",Culture
1388,한식날 태조 이성계 건원릉 억새 자르기·제사…3시간 특별 개방,Culture
1389,"성공한 막걸리 사업가…성시경, 또 ‘탁주 부문’ 대상",Culture
1390,안 할 이유 없는데... 책 읽는 경기도 사람들은 꼭 보시라,Culture
1391,"한화푸드테크, 재단장 ‘63 스카이라인 다이닝’ 27일 오픈",Culture
1392,'라라랜드' 넘은 라이언 고슬링…'프로젝트 헤일메리' SF 흥행 신호탄 [소셜픽],Culture
1393,[날씨] 따뜻하지만 '대기 건조·초미세먼지'...남해안·제주 비,Culture
1394,"[날씨] 예년보다 포근, 큰 일교차…대부분 공기질 탁해",Culture
1395,"“눈 깜빡한 사이 암흑, 멈춰야만 할 수 있는 정전 후 담론 담았죠”",Culture
1396,"600년 역사 품은 수평의 미학…종묘, 세계유산위 '얼굴' 된다",Culture
1397,"BTS 월드투어 발표에 아시아가 들썩…""개최지마다 숙소 검색 급증""",Culture
1398,BTS 고양 공연 무렵 외국인 숙소 검색 185배 증가,Culture
1399,"왜 항상 배가 빈 것 같지?...먹어도, 먹어도 배고픈 이유",Culture
1400,"“14kg 감량"" 김현숙, 운동할 때 '이 음료' 마시면 식욕 줄어...뭘까?",Culture
1401,‘음성’ 판정의 역설… 대장 내시경을 미루지 말아야 할 이유 [아미랑],Culture
1402,혈당 관리 지칠 때… ‘이렇게’ 마음 관리를[밀당365],Culture
1403,피자인가 탕수육인가… 서현진이 먹던 그 음식의 유래는,Culture
1404,태조 이성계 묘역 억새 벤다…내달 6일 '청완 예초의',Culture
1405,"물만 담아 마셨는데… 텀블러, 매번 세척해야 해?",Culture
1406,'렌터카 필수라는데'…요즘 한국인 몰린다는 日 '벚꽃성지',Culture
1407,소변 후 남성 78%는 안 하는 이 '행동' 두고 위생 논란 확산,Culture
1408,"“아침에 꼭 먹어라”… 11kg 감량 안선영의 첫 끼, 뭘까?",Culture
1409,봄은 왔지만 큰 일교차에…목 감싸는 ‘하이넥’ 스타일 인기,Culture
1410,"이코모스 한국위원회 ""종묘 앞 개발, 영향평가 없이 추진 안 돼""",Culture
1411,[날씨] 포근하지만 초미세먼지 말썽…낮까지 남부·제주 비,Culture
1412,부산 해사국제상사법원 2028년 3월 개원 확정…시민보고 대회,Culture
1413,'기적의 비만약' 위고비 맞았더니…'뜻밖의 효과' 뭐길래,Culture
1414,'예술의 섬' 장도 공짜 관람 티켓 [전라도의 숨은 명산 여수 고락산~망마산],Culture
1415,“35% 더 빠졌다”…폐경 여성 다이어트 ‘이 조합’ 주목[바디플랜],Culture
1416,"""이자 600만원 낼 줄 몰랐다""…이해인, 40억 건물 샀다가 '멘붕'",Culture
1417,봄기운 완연하지만 큰 일교차…곳곳 비·미세먼지 '나쁨',Culture
1418,[출근길 날씨] 중부·경북 건조 특보…초미세먼지 주의,Culture
1419,"“단순 다이어트약 아냐” 위고비, 막힌 심장 혈관 74%→31% 뚫어냈다",Culture
1420,[날씨] 전국 공기질 '나쁨'‥내륙 곳곳 대기 건조,Culture
1421,‘왕사남’ 열풍…대구시티투어도 흥행,Culture
1422,"[날씨] 예년보다 포근, 초미세먼지 '나쁨'…대기 건조",Culture
1423,"봄 주꾸미, 이거 모르고 먹으면 손해… 안 질기게 볶는 법 [쿠킹]",Culture
1424,"흔들리는 생수 시장…'전통 강자' 삼다수, 10년여만에 첫 매출 감소",Culture
1425,"""일어나니 목 칼칼"" 입 벌리고 잤다면 '이 증후군' 의심…원인과 치료법은 [데일리 헬스]",Culture
1426,소변 후 안 닦는 남성들…“감염 위험 높아진다” 전문가 경고,Culture
1427,"""환율 1500원"" 자동차 '단기 호재'…원가 상승·내수 위축 우려 숙제",Culture
1428,낮최고 21도 완연한 봄날씨…남부·제주는 비 [오늘 날씨],Culture
1429,"정부, 연 10억 달러 블록버스터 신약 육성…기술 수출 30조 정조준",Culture
1430,약도 안 듣는 목 통증…‘이 방법’ 썼더니 회복속도 4배[헬시타임],Culture
1431,“오십견으로 착각해 병 키워”…헷갈리는 어깨 질환 자가진단법,Culture
1432,"두 다리 없는 상이용사, 7대륙 최고봉 완등",Culture
1433,“고운 얼굴 반쪽 된 건 그리움 때문이라네” [새로 나온 책],Culture
1434,"[출근길 YTN 날씨 3/25] 4월 하순 봄 날씨, 서울 낮 19℃...고온건조 '산불 주의'",Culture
1435,[출근길 날씨] 중부·경북 건조 특보…초미세먼지 주의,Culture
1436,[날씨클릭] 포근하지만 탁한 대기질…호흡기 건강 유의,Culture
1437,지난해 R&D 비중 1위 대웅제약…증가폭 최대는 JW중외제약,Culture
1438,"“걷고 말하고 먹는 능력 잃어가”…두 살 배기가 ‘희귀 치매’, 무슨 일?",Culture
1439,“고된 공장·집안일 다 해결”…만능일꾼 ‘아틀라스’,Culture
1440,"""보령머드축제서 즐기는 DJ파티…외국인 관광객 5배로""",Culture
1441,조선 정통성 깃든 ‘수평의 성역’… 빌딩 숲속 장엄한 공간 [스페이스도슨트 방승환의 건축진담],Culture
1442,“반 개만으로 혈당 뚝”… 매일 먹으라는 흔한 ‘이 음식’,Culture
1443,[김한수의 오마이갓] “전기장판·에어컨도 없이 살던 분”...‘가난한 이의 친구’ 떠나던 날,Culture
1444,[단독] 李 대선공약…배달오토바이 '앞번호판' 의무화 추진한다,Culture
1445,자사주 태우고 배당 늘린다…제약·바이오 주주환원 본격화,Culture
1446,"[날씨] 한낮 15도 웃돌며 포근…중부, 경북 건조특보",Culture
1447,"“아침에 꼭 해라” 백지연, 중년 이후 삶 달라진다며 추천… 뭐지?",Culture
1448,"""살찌는 사람들 공통점""…전문가가 경고한 다이어트 망치는 습관 [건강잇슈]",Culture
1449,매출 줄었는데 더 웃었다…패키지 여행사 '반전 실적' 이유는,Culture
1450,봄철 불청객 초미세먼지…서울 건조주의보,Culture
1451,[200자 책꽂이]버릴수록 부자 되는 미니멀리즘 재테크 외,Culture
1452,"“한 끼 먹고 1년을 굶는다”…비단뱀 능력에서 찾은 ‘비만치료 물질’, 인간 적용 가능성은? [헬시타임]",Culture
1453,"봄, 죽음을 사색하기 좋은 계절…영생 아닌 순환의 섭리 속으로 [오경진의 폐허에서 무한으로]",Culture
1454,“씻었는데 왜 발 냄새?”…퇴근 후 심해지는 ‘안 말린 1분’ 습관,Culture
1455,[로컬크리에이터] “고향 소나무 우수성 믿고 세계 곳곳에 소문냈죠”,Culture
1456,"""차량 5부제, 민간 동참시 한 달이면 하루치 석유 절감""",Culture
1457,"형 쫓아내고 즉위, 조카에 피살… 사우디 3대 국왕 파이살",Culture
1458,"큰 일교차, 봄기운 완연…'불'은 조심[오늘날씨]",Culture
1459,“염증 억제하는 효과 탁월”… 흔한 ‘이 채소’ 먹어볼까?,Culture
1460,"""지하에 숨은 몸통만 6km""…세상에서 가장 거대한 '돌' 정체",Culture
1461,전쟁 혼란속 늘어나는 ‘피의 유물’… “밀거래 막을 장치 강화를”,Culture
1462,“잠깐 자고 일어나면 임플란트 끝… 치과 공포증 없애겠다”,Culture
1463,HER2 양성-삼중음성 유방암 환자라면?… 머리 아프지 않아도 뇌 MRI 검사 필수,Culture
1464,허리 수술 후 엉치-다리 ‘찌릿’… 추간공확장술로 통증 잡는다,Culture
1465,진료실 벽 움직이고 AI가 차트 쓰는 ‘미래병원’ 현실화,Culture
1466,"전립선 비대, 절개 없이 묶어서 해결… ‘유로리프트’가 뜬다",Culture
1467,[의료계 소식]전 세계 결핵 청소년 120만 명… 절반은 병원 문턱도 못 넘었다,Culture
1468,노후 10억 원 현금 부자 시작은… ‘국민연금 가입 기간 늘리기’[기고/장재혁],Culture
1469,만성 불면증은 전문 치료가 필요한 신경 질환[기고/황경진],Culture
1470,"‘철’ 없으면 피로감-어지럼증… 여성 건강, 철분이 좌우한다",Culture
1471,뇌 인지 기능 저하는 ‘관리’가 중요… 포스파티딜세린 주목,Culture
1472,타우린-비타민B 가득… 피로 풀고 간 살리는 ‘바다 영양제’ [오늘의 먹거리],Culture
1473,내달부터 ‘약물 운전’ 단속 강화… “감기약 성분 확인하세요”,Culture
1474,[더사주 오늘의 띠별 운세] <3월 25일 수요일(음력 2월7일)>,Culture
1475,"“동맥경화 유발”… 오늘 아침에도 먹은 ‘이것’, 뭘까?",Culture
1476,"""남성 소변 후 휴지 안 써""…전문가 섬뜩한 경고…'잔뇨 방치' 위험성 [헬스톡]",Culture
1477,"[재미로 보는 오늘의 운세] 3월 25일 (수요일) 65년생, 지나치면 화 부른다… 선 넘는 행동 주의",Culture
1478,"우리 부부 임신 어려웠던 게, 어쩌면 음식 때문일지도?",Culture
1479,"“염증 폭발할지도”… 영양학 박사가 경고한 ‘이 음식’, 뭐지?",Culture
1480,대전 세계로제일교회 성령바람 축제 “700명 전도 목표”,Culture
1481,[역경의 열매] 이종근 (13) 친구부터 거래처까지… 아는 사람 모두 전도주일 초청,Culture
1482,"트럼프 면담 배경, 종교 네트워크가 연 외교의 문",Culture
1483,"“담배보다 치명적인 음식”… 의사 경고, 대체 뭐야?",Culture
1484,"[날씨] 탁한 대기질, '호흡기 조심'…남부지방에는 '비'",Culture
1485,[오늘의 운세] 3월 25일 수요일 (음력 2월 7일) 띠별 운세,Culture
1486,“아침마다 ‘유산균’ 꼭 챙겼는데”… ‘이렇게’ 먹으면 효과 없다고?,Culture
1487,“남편은 진통제와 이유식으로 버티는 중” 프란체스카 편지 최초 발굴,Culture
1488,“차가 운전해도 사람 책임”… 자율주행차 시대 ‘보험의 역설’,Culture
1489,“패딩 정리해야 하는데”…보온력 유지하는 패딩 세탁법은?,Culture
1490,"몸 속 검게 변한 'OO'이...30대女 ""쇼크올 뻔""",Culture
1491,“술 마시고 비타민C 먹으면 숙취 싹 사라진다”… 몇 알?,Culture
1492,"하리보 김치, 쿠쿠 밥솥…연극 노벨상은 왜 반했나",Culture
1493,[오늘의 날씨] 한낮 20도 완연한 봄…미세먼지가 '옥의 티',Culture
1494,'낮 최고 21도' 일교차 크게 벌어져...봄철 안구건조증 관리하는 비법 [오늘 날씨],Culture
1495,[장강명의 근미래의 풍경] 영화 ‘타이타닉’에서 로즈가 죽고 잭이 살아남는다고?,Culture
1496,[르포 대한민국] 조선업의 봄은 허상… 중소 조선소·기자재 산업 등 ‘허리’가 무너진다,Culture
1497,[날씨] 포근하지만 공기 탁해…곳곳 건조특보 확대,Culture
1498,“날 풀리니 싱숭생숭” 이럴 땐 벚꽃 구경 가야 한다는데…개화시기는?,Culture
1499,[날씨] 내일 남부·제주 약한 비…대기질 '나쁨',Culture
1500,"통증·냄새 탓 병원 가니, 질에서 4주간 방치된 ‘이것’ 나왔다",Culture
1501,"“피로 회복에 좋다” 장항준 감독, ‘이 즙’ 먹고 효과 봤다는데?",Culture
1502,“생리 시작 전부터 일이 손에 안 잡혀”… 꾀병 아냐,Culture
1503,워런 버핏·빌 게이츠도? 성공한 사람들이 매일 하는 특별한 3가지,Culture
1504,"“침묵의 장기” 콩팥, 망가지면 끝?… 1분 만에 체크하는 ‘신장 사수법’",Culture
1505,일터 덮친 불길…대전 지역사회 '애도 물결',Culture
1506,"합수본, ""이만희 위해 목숨바치겠다"" 근우회 이희자 압수수색",Culture
1507,대통령 위 성직자·선거 위 체제...이란이 버티는 이유,Culture
1508,[날씨] 내일 남해안·제주 비…포근하지만 먼지 기승,Culture
1509,"“30년 전 없었던 크론병, 소아 외래서 흔해졌다”… 왜?",Culture
1510,[날씨/XR] 중국 산불로 먼지 유입…남부·제주 약한 비,Culture
1511,"‘이 음식’ 좋아하는 남성, 난임 위험 69% 급증…32가지 병 시한폭탄",Culture
1512,"확 달라진 이영현, 33kg 빼고 “다이어트 때려치웠다”는데…왜?",Culture
1513,[날씨] 오늘 밤부터 제주·남부 비‥중부·경북 건조특보 이어져,Culture
1514,[날씨] 포근하지만 대기질 '나쁨'…곳곳 건조특보,Culture
1515,눈밑 떨릴 때만? '마그네슘 부족' 신호 또 있다,Culture
1516,"""엄흥도 후손들은 군역면제"" 충절 기린 공문서 공개",Culture
1517,"“아기가 몸을 막 떨어”…임신 중 ‘이 약’ 복용, 출생하자 신생아가 금단 현상?",Culture
1518,"""주말 내내 잤는데 왜 피곤할까""… 중년의 몸을 망치는 '가짜 휴식' 3가지 [어른의 오답노트]",Culture
1519,"""친구보다 편해요""…밤마다 낯선 사람과 모이는 2030 [현장+]",Culture
1520,"[퇴근길 날씨] 내일, 초미세먼지 ‘나쁨’…한낮 포근",Culture
1521,"""정말 공짜예요? 믿기지 않아요""…한국 온 아미들 '감탄' [현장+]",Culture
1522,4월부터 반값 여행… ‘왕사남’따라 영월 갈까,Culture
1523,"잡채, 당면 너무 좋아 “어, 탄수화물 많은데”… ‘이렇게’ 먹으면 혈당 관리 돕는 이유?",Culture
1524,70대 이상 기억력·집중력 저하 ‘경도인지장애’ 가능성…15%는 치매로 이어져,Culture
1525,"밥 먹고 ‘이것’ 하는 사람, 방귀 많이 뀐다",Culture
1526,[날씨] 포근한 날씨 속 대기질 탁해…대기 건조,Culture
1527,“쪽방 살면 수명 짧아…공공개발로 주거 안정 찾았으면”,Culture
1528,李대통령 “왜 내 고향 경북은 없나”… ‘반값여행’ 확대될 듯,Culture
1529,마늘이 우리 몸을 보호하는 4가지 방법,Culture
1530,공짜 밥·셔틀버스에 혹했다가…투석 환자 사망 위험 가른 차이[헬시타임],Culture
1531,보험금 거절·환수까지… 중증환자 내모는 실손보험 구조,Culture
1532,"“장난으로 맞은 팔이 계속 떨린다” 40대 새신랑, 반전 진단명",Culture
1533,'미국·이스라엘 vs 이란'… 전쟁은 왜 끝나지 않나 [책볼래],Culture
1534,"[기자수첩] 서울대병원장 자리, 왜 아직 비어 있나",Culture
1535,"""다이어트 따로 안 해도…"" 김성은, '이 생활' 지속하니 살 안 쪄",Culture
1536,"뮤지컬 신작, 뉴욕보다 ""GO~ 웨스트엔드""",Culture
1537,"5부제 확대에 나프타 제한까지…정부, 에너지 비상대응 가동",Culture
1538,"꿀잠 베개·디퓨저·조식뷔페 김까지…호텔의 경험, 굿즈가 되다",Culture
1539,사육신 시신 수습하고 단종 초혼제 지낸 김시습의 재발견,Culture
1540,"""공항 주차 뺑뺑이 끝""…내비가 빈자리 안내",Culture
1541,안 치우면 기운 막힌다…봄에 꼭 바꿔야 할 집안 물건,Culture
1542,"[퇴근길 날씨] 한낮, 포근한 봄…내일도 초미세먼지 ‘나쁨’",Culture
1543,"""영어 못하는 애들""⋯전지현 시모, BTS 발언 논란 해명",Culture
1544,[날씨] 온화하지만 초미세먼지 '나쁨'…밤부터 제주 비,Culture
1545,전기차 투자 줄었는데 판매 늘어…라인업 선점 완성차 우위,Culture
1546,"흑설탕, 백설탕보다 자연스럽고 건강하다는데…진실은?[건강팩트체크]",Culture
1547,"“시신 화장하면, 몸 속에 있던 인공관절·임플란트는 어떻게 될까?”",Culture
1548,"잠못 든 뉴욕 … BTS, 美아미팬과 아리랑 떼창",Culture
1549,모공 커지는 최악의 습관 ‘이것’ 당장 버리세요 [이러면 낫는다],Culture
1550,'왕사남'의 계유정난을 무대로… 권력무상과 화해 담은 창극 ‘보허자’,Culture
1551,"볼보, 전략전기차 EX90 가격 ‘1억 초반’ 책정될 듯… 글로벌 최저가 예상",Culture
1552,가자 전쟁 속 문화유산 2만점 사라져…‘전쟁터 피의 유물’ 확산,Culture
1553,[Health Recipe] 굽고 튀긴 음식 노화 앞당긴다…이름부터 무서운 ‘당 독소’,Culture
1554,"“돈 받고 일한 게 아니다”…‘딸 알바’ 논란에 해명한 윤혜진, 무슨일이",Culture
1555,속눈썹 연장 후 안검염 조심하세요,Culture
1556,"[날씨] 건조특보 확대, 산불 등 화재 주의…곳곳 공기 탁해",Culture
1557,"""제약바이오 기술수출 '30조' 목표"" 정부, 벤처 전폭 지원한다(종합)",Culture
1558,"“나 저스틴 팀버레이크야”…‘음주운전 체포’ 영상, 결국 공개",Culture
1559,"콩팥환자 생사 가르는 혈액투석, '이곳'서 받으니 사망 위험 10%↑",Culture
1560,"기차표 무료, 숙박비도 7만원 할인…""봄 여행, 해외 갈 필요 없겠네""",Culture
1561,"일송학원, 동작구 ‘러브콜’에도 한독병원 부지 활용 고심",Culture
1562,“코팅 금방 벗겨지는 이유 있었다”…프라이팬 수명을 단축시키는 생활 습관,Culture
1563,"행주, 알고보면 ‘세균덩어리’...“같이 빨지 마세요”",Culture
1564,"자녀 '간병파산' 부른 '내 기억력 저하', 두뇌건강이 해법",Culture
1565,"""왜 소리가 자꾸 들리지?"" 온종일 집중 이명 환자가 피해야 할 '5가지 습관' [기고]",Culture
1566,"""추간공확장술, 20년 뚝심이 일군 K-척추 기술의 승리""",Culture
1567,"""생명 직결된 고관절 골절 수술 공백 골든타임 잡으려면 필수의료 편입을""",Culture
1568,"종근당, '글로벌 빅파마' 교두보 마련 … 미래 먹거리 정조준",Culture
1569,GC녹십자 '알리글로' 앞세워 美이어 글로벌시장 공략,Culture
1570,절제냐 보존이냐 … 내게 맞는 '전립선 비대증' 수술법은?,Culture
1571,'100원대 생리대'시대 성큼 가격만큼 건강에도 좋을까,Culture
1572,콩팥병 환자 위협하는 대상포진…발병위험 일반인의 최대 8배,Culture
1573,정부 단속 무방비 틈타…약사 고용해 처방전 취급하는 한약사 늘어 [기고],Culture
1574,"""아픈채로 오래살면 고통""… 건강수명을 늘려라",Culture
1575,'건강수명 충전 필요' 인물 TOP3…일론머스크·이재용·젠슨황 꼽혀,Culture
1576,복통·변비 방치하지 마세요 2049 '젊은 대장암' 주의보,Culture
1577,"글로벌 수주 행사 맞춰 파업 카드 내민 삼성바이오 노조, 경쟁력 훼손 우려",Culture
1578,지긋지긋 만성 염증 고치려면 … 매일 먹는 기름부터 신경써야 [기고],Culture
1579,피 한 방울로 치매 구별 가능성…단백질 ‘양’ 아닌 ‘접힌 상태’가 갈랐다,Culture
1580,탈모에서 모발 이식보다 중요한 것,Culture
1581,‘너도 나도 로봇’ 글로벌 경쟁 달아오른다…사업 목적 추가하고 상장설도 솔솔,Culture
1582,"못사는 나라 4개국, 부상 환자 57%가 한 시간 넘어 응급실 도착...한국은?",Culture
1583,"""미세먼지가 폐 DNA 망가뜨려…문 닫고 요리하지 말아야"" 폐암 명의의 경고",Culture
1584,"현대차그룹, 수익성 악화에도 R&D는 풀악셀… 작년 11조 썼다",Culture
1585,“키 크면 무조건 좋은 거 아니었어?”…‘이 병’ 위험 높인다는 연구결과 나왔다 [헬시타임],Culture
1586,"한국공항공사 “공항 운영사 통합, 국민 편익이 우선”",Culture
1587,포르쉐 전기차 3종에 K배터리 장착…'한국 한정판' 모델 내놔,Culture
1588,"""당뇨라 빵 손도 안 댔는데""⋯'이렇게' 먹으면 맛·혈당 다 잡고 건강까지 챙긴다",Culture
1589,"롯데지주, 주총서 신동빈 회장 사내이사 재선임",Culture
1590,“아침 6시부터 줄 섰어요”…북촌서 오픈런 만든 ‘이곳’ 뭐길래 [현장],Culture
1591,한식의 피날레…‘대파·쪽파’ 오래 쓰는 최적의 보관법은?,Culture
1592,고급 세단처럼 부드러운 질주…플래그십 SUV의 품격,Culture
1593,국립속초등산학교 삼총사의 설악산 등산 [독자산행기],Culture
1594,"“물량은 2배로, 가격은 반값으로”…롯데마트, 28주년 생일에 최대 쇼핑 행사 연다",Culture
1595,포옹·접촉이 마음 치료할 수 있을까...中서 ‘터치테라피’ 인기,Culture
1596,“오젬픽으로 살 뺐다”…근데 끊으면 어떻게 될까?,Culture
1597,MZ가 등산복에 꽂혔다…'벌룬핏'이 뭐길래,Culture
1598,"대전 공장 화재에 비상…현대차, 美 HMMA 부품 긴급 역수입[only 이데일리]",Culture
1599,"정용진 회장, 스타필드 청라 현장 점검…“최고 랜드마크 자부심”",Culture
1600,“남성들 소변 후 진짜 휴지 안써요?” 충격받은 여성들…의사 조언은,Culture
1601,"“2주 만에 4㎏ 빠진다” 한혜연, ‘혈당 관리’ 식단 공개",Culture
1602,‘11년 만에 주총 복귀’ 서정진 회장 “매년 성장하는 회사 만들 것”,Culture
1603,병상에서도 글쓰기를 멈추지 않았던 유창선의 마지막 메시지,Culture
1604,"서울, K팝·쇼핑 넘어 '글로벌 미식 여행지'로 뜬다",Culture
1605,갱년기 때 건강 지키려면 ‘이것’ 덜 먹어야,Culture
1606,"연봉 '1.1억' 삼성바이오 노조, 파업 걸고 ""임금 14% 인상+3000만원"" 요구",Culture
1607,"복지부·중기부, 제약바이오벤처 전주기 지원…‘블록버스터’ 후보 키운다",Culture
1608,다이어트 중 장 건강 지키는 '이 과일',Culture
1609,당뇨병이 치매 위험 높인다… “인슐린 치료 땐 이미 고위험군”,Culture
1610,"'명량'·'극한직업' 게 비켜라…1500만 코앞 '왕사남', D-30 단종문화제 영월을 깨우다",Culture
1611,임신 전 흡연도 자녀 자폐장애 위험 29% 높인다 [건강한겨레],Culture
1612,[날씨] 포근하지만 공기질 탁해…대기 건조 '화재 주의',Culture
1613,"""투명의자 자세가 런닝보다 혈압 낮추는 효과 더 커""",Culture
1614,"""그냥 털고 나왔다간 '큰일'""⋯남자도 소변 후 닦아야 하는 이유는?",Culture
1615,올해도 롯데월드타워 1시간 불 꺼지는 이유는?,Culture
1616,‘왕사남’ 단종과 정순왕후 능 석조물 정밀재조사…왕릉 석조물 900여점 집중점검,Culture
1617,"'베트남 여행' 예약해놨는데…""전례 없는 상황"" 날벼락",Culture
1618,동성 파트너의 말기 암 선고 이후 2년여 동안 깨달은 것,Culture
1619,결혼이 '필수' 아닌 '옵션'인 세대…앞 세대 경험이 거울이 됐다,Culture
1620,"광장 막고 공무원 차출했는데 유료 시청? BTS 공연, 무엇을 남겼나",Culture
1621,"李대통령 ""BTS 공연, 韓 홍보에 결정적…관광객 많이 올 것""",Culture
1622,"78년 검찰 시대, 역사 뒤안길로…중수청법, 국무회의 통과",Culture
1623,"“한국서 뺀 살, 일본에서 배로 쪄” 이국주 먹은 음식 보니?",Culture
1624,“엄마를 믿어줘서 고마워”… 학폭 누명 벗긴 어느 엄마의 기록,Culture
1625,"“엄마, 아빠 약 살 돈이 없어”…늦게 발견한 남편의 암, 중년 여성의 고민은?",Culture
1626,"셀트리온, 자사주 1조 7154억 규모 소각 결의…주주가치 제고",Culture
1627,"초가공식품, 남성 생식능력 떨어뜨린다...아빠도 음식 가려 먹어야",Culture
1628,"""키 클수록 병 부른다?""⋯키 크면 '이 질환' 위험↑, 작으면 낮아",Culture
1629,車 5부제 '전기차 빠지고 하이브리드 포함'…EV 판매 날개단다,Culture
1630,노리개·술띠…4년 만에 미국 무대 선 BTS의 장신구 디테일 살펴보니,Culture
1631,"‘제약사 리베이트’ 의사, 4개월 자격 정지… 얼마나 받았나 보니",Culture
1632,"하루만에 2kg 늘었다면…이게 살일까, 물일까? [건강팩트체크]",Culture
1633,[헬스&라이프] ‘민물고기 생식’이 담도암 유발 가능?…간 노리는 기생충의 습격,Culture
1634,가수 서유석 집사 “하나님 믿어 얼마나 행복한지 모른다”… 29일 광주 반석교회 집회,Culture
1635,"‘46kg 진입’ 구혜선, 다이어트 성공 비결은 ‘이 습관’",Culture
1636,[검색폭발 이슈키워드] 러닝개런티,Culture
1637,"“비싼 게 장땡?”…내 몸 맞는 건강검진, 연령별로 다르다 [알쓸톡]",Culture
1638,[카드뉴스] 유독 트림 자주 한다면? 이 질환 의심!,Culture
1639,"퇴직 4년차, 아직도 주말이 낯설다",Culture
1640,"출산 전 흡연, 자녀 자폐·ADHD 발생률↑…“딸에게 더 치명적”",Culture
1641,"[날씨] 한낮 포근한 봄…메마른 대기, 공기질 답답",Culture
1642,식단 바꿨더니 속이 답답…다이어트 때 챙기면 좋은 이 '과일',Culture
1643,"“하루 한 컵은 옛말” 흰 우유 소비량, 역대 최저치 기록… 이유는?",Culture
1644,"“삼키는 기능까지 복원”… 인공 식도 이식, 돼지 실험 성공",Culture
1645,"[날씨] 봄볕 내리쬐며 따뜻한 한낮...곳곳 대기 건조, 산불 유의",Culture
1646,보랏빛 기회 잡았지만 숙제도 남았다…‘진짜 BTS노믹스’가 되려면? [뉴스in뉴스],Culture
1647,대통령 위 성직자·선거 위 체제...이란이 버티는 이유,Culture
1648,"[오후날씨 꿀팁] 초미세먼지 ‘나쁨’…한낮 포근, 대기 건조",Culture
1649,"서정진 셀트리온 회장, 11년만 주총 복귀…비만치료제 방향성 공개(종합)",Culture
1650,"볼보, EX90 사전계약…""XC90보다 1천만원 저렴""",Culture
1651,"""갑자기 바보가 된 것 같다""는 산모에게 하고픈 말",Culture
1652,“로봇 목사에 AI 승려까지… 교만 넘어서야 신앙의 위기 해소되죠” [인터뷰],Culture
1653,"환단고기, 알고 보니 잘못 찍한 한자 때문에 만들어진 괴서?",Culture
1654,지하철 분홍색 좌석을 째려보던 내 눈빛이 변했다,Culture
1655,미지의 섬 로타…태평양 휴양섬 주민들의 ‘찐 휴양지’,Culture
1656,BTS도 반한 사이판…‘스포츠케이션(스포츠관광)’ 성지로 뜨다,Culture
1657,'가격인하' 했더니 잘 팔리네…또 1000만원 내린 車 뭐길래,Culture
1658,"삼성SDI, 엘앤에프와 1.6조 LFP 양극재 중장기 공급 계약",Culture
1659,"[날씨] 평년보다 포근해 봄꽃 활짝…전국 대기 건조, 탁한 공기",Culture
1660,미국인도 주목하는 ‘검은콩’의 기특한 효능,Culture
1661,"""안성재·손종원 레스토랑 갈래""…K-미식 먹으러 서울 오는 외국인들",Culture
1662,고물가 넘어 에너지 위기…당장 실천할 ‘생활 에너지 절약법’,Culture
1663,BTS ‘아리랑’ 나온지 얼마나 됐다고…中온라인서 불법 굿즈 판매 논란,Culture
1664,"한때 독일 지폐에 등장했던, 숲속에 숨은 아름다운 성",Culture
1665,차량 5부제 '자율' 시행…1998년 이후 첫 민간 확대,Culture
1666,"국내생산 20만대 미국으로 이관 추진 현대차, 문제는 단협",Culture
1667,10초 못 버티면 '경고'… 노화 확인하는 간단 테스트,Culture
1668,식이섬유 한국인 하루 권장 섭취량 28%… ‘이 과일’이 유용한 이유,Culture
1669,"""임신하고 담배 바로 끊었는데"" 소용 없었다…아기 자폐 발생 29% '쑥'",Culture
1670,“기력 보충에 최고” 이정현 꼽은 ‘이 음식’… 뭘까?,Culture
1671,급성 목 통증 환자 ‘침’ 꽂고 움직였더니...증상 4배 더 빨리 사라져,Culture
1672,자꾸 재발하는 세균성 질염 막는 데 ‘이 방법’ 효과,Culture
1673,"1955년, 67세의 나이에 3300km를 걸은 할머니",Culture
1674,"“살아 움직이는 세균 덩어리” 치석, 주기적으로 없애라",Culture
1675,"“살 빠지는 습관” 28kg 감량 풍자… 식후 ‘이것’ 하던데, 뭐지?",Culture
1676,췌장암 4기 환자 종양 사라졌다… 외면받던 치료법이 희망된 까닭,Culture
1677,[아침뉴스타임 날씨] 건조한 날씨에 공기 탁해…한낮 포근,Culture
1678,"""PET-CT로 수술 후 합병증 위험 예측 가능""",Culture
1679,CT 한번으로 암환자 수술 후 합병증 위험 예측,Culture
1680,"팔 들면 '악!'...""젊은데 웬 오십견"" 했는데 다른 질병이었다",Culture
1681,"‘잠깐 피웠어도 위험’…산모 과거 흡연, 자녀 자폐 위험 29%↑",Culture
1682,깨끗함의 역설…우리집 위험에 빠뜨리는 습관 6,Culture
1683,‘헛둘헛둘’ 매일 덤벨 들지만...왜 열심히 운동하는 데 근육 안 붙을까?,Culture
1684,"각자도생 시대, 인간으로 죽기 위해 기억해야할 것",Culture
1685,[약손+] 무심코 넘기면 위험하다 “피부암 제대로 알기” ⑫드물지만 주의해야 할 피부암은?,Culture
1686,“93세 심장판막도 교체” 외과·내과 힘 합쳐 고위험 심장질환 치료,Culture
1687,'환승연애' 보러온 2030 여성들…야구 중계 빠져 티빙 정기구독,Culture
1688,출산율 상승에 고령 임신도 늘어... 임신 20주 후 ‘이 증상’ 보이면 위험,Culture
1689,"“새벽 3시, 말씀으로 하루를 엽니다”…서정희, 필사로 전하는 ‘매일성경’",Culture
1690,"서울 파인다이닝 검색, 한달새 두자릿수 증가..日·싱 최고 인기",Culture
1691,[930 날씨] 한낮 포근…건조한 날씨에 공기 탁해,Culture
1692,70평생 남이 먼저였던 어머니…마지막 선택은 생명나눔,Culture
1693,"“XC90 T8보다 1000만원 저렴”…볼보 EX90, 사전 계약 시작",Culture
1694,"[르포] BTS 새 앨범 수록곡, 국립중앙박물관에서 들을 수 있다고?",Culture
1695,"""자부심과 책임감을""…정용진 회장, '스타필드 청라' 현장 점검",Culture
1696,"튀긴 미역 넣고 조물조물, 하나 뿐인 내 편을 위한 요리",Culture
1697,단종의 능 지키는 석조물 상태는…조선왕릉 10곳 정밀 조사,Culture
1698,"언니 장례식장, 사람들이 밤새 춤췄다…상주인 나는 보석 왕관을 썼다",Culture
1699,"中쇼핑몰, BTS '아리랑' 불법 굿즈 또 판매..""초상권 무단 사용""",Culture
1700,"""사람 돕기 좋아했던 엄마""…'뇌사' 70대, 장기 기증으로 3명 살리고 '하늘로'",Culture
1701,“치즈가 치매 위험 낮춘다?”…‘의외의 연구 결과’ 제대로 읽는 법,Culture
1702,중서부 미세먼지 '나쁨'…일교차 최대 20도·곳곳 '건조' [내일날씨],Culture
1703,[기고] 진화론은 왜 허구인가 - 성경적(영적)으로 본 진화론(35),Culture
1704,"집중력 높여야 할 시간, 커피 말고 ‘이것’ 마셔라",Culture
1705,"71세 공말수 씨, 소중한 생명 셋 살리고 떠났다",Culture
1706,"셀트리온, 1.2조 투자… 생산능력 81% 증설",Culture
1707,산모 흡연 이력... 끊어도 아이에게 영향 미칠까?,Culture
1708,향교 유생의 친모살해 사건 재구성 [조선생활실록(實LOG) ③],Culture
1709,여성들에게 사람의 자격은 그냥 주어지지 않았다[정덕현의 문화 헌터스],Culture
1710,"[날씨] 예년보다 포근하고 일교차 커…대기 건조, 산불 조심",Culture
1711,"혈압, 혈당부터 낮춰야...신장 건강 지키는 방법은?",Culture
1712,"보스턴다이나믹스, 美 로봇 국가정책 설계 참여 '핵심 플레이어'",Culture
1713,"셀트리온, 1조2000억 규모 송도 신규 원료의약품 생산시설 늘린다",Culture
1714,"“노재팬은 옛말” 日 맥주 1178억 수입 최고치, 화려한 부활",Culture
1715,"안호상 “BTS가 일깨운 광화문, 집회 넘어 문화 정체성 찾길”",Culture
1716,'목이 칼칼하네'...미세먼지 짙고 공기도 건조,Culture
1717,"“숨기고 미루다 병을 키웁니다”…탈장·여유증·부유방, ‘생활밀착형 외과 질환’의 경고",Culture
1718,명문가의 유산에서 눈에 띈 노비 문서,Culture
1719,‘당일 수술’ 원칙 지키는 ‘환자 중심병원’,Culture
1720,"""성관계 중 알 수 없는 통증""..30대女 몸속에서 검게 변한 ‘이것’ 나왔다 [헬스톡]",Culture
1721,"국토부, '전동시트 사고' 현대차 팰리세이드 자발적 리콜 조치",Culture
1722,"""나무인형 처럼 뻣뻣해져""…셀린 디옹 괴롭힌 희소병 뭐길래 [건강!톡]",Culture
1723,K뷰티는 잘나가는데…'클렌징 맛집' 마녀공장은 왜 식었나,Culture
1724,[맛있는 이야기] 꿀 넣어 지은 밥…소지왕 설화 깃든 ‘원조 K-푸드’ 약밥,Culture
1725,객단가 떨어진 한국 관광…‘K-메디웰’로 반전 노린다,Culture
1726,[날씨] 평년 웃돌며 포근한 봄 날씨…봄철 산불 주의,Culture
1727,"""수세미 전자렌지에 돌려봤어?""...세균 범벅 수세미, 똑똑한 소독법 6가지",Culture
1728,경제전쟁의 시대…미국은 어떻게 새로운 무기를 만들었나,Culture
1729,"“경장식, 크론병 환자에게는 약인데… ‘지원 1년 제한’ 폐지해야”",Culture
1730,김해에도 '흔들바위' 있다 [경상도의 숨은 명산 김해 무척산],Culture
1731,“지금 발권하면 덜 낸다”…유류할증료 인상 앞두고 여행사 ‘선발권’ 총력전,Culture
1732,[출근길 날씨] 오늘도 포근한 봄 날씨…대기 건조,Culture
1733,스프링클러 없는 송파 장미아파트 화재,Culture
1734,“6780만뷰 터졌다”…전두환 손자 그린 AI ‘가족사 웹툰’ 대박,Culture
1735,하루 7시간 스마트폰… 흰머리 위험 7배 높아진다,Culture
1736,"서울시 4만 vs 하이브 10만… BTS 공연 관람객 수, 왜 다를까",Culture
1737,오늘도 포근한 봄기운 가득…공기질은 심술,Culture
1738,눈 감고도 산에 오르게 해주는 최고의 '끈' [척척박산],Culture
1739,[날씨] 당분간 완연한 봄날씨…전국 곳곳 건조특보,Culture
1740,"""흑인들에 상처줬다""..BTS 새 앨범 홍보영상, 인종차별 논란",Culture
1741,“어차피 암은 유전이잖아요”…최대 50% 예방 가능 방법 나왔다,Culture
1742,“아침 7~8시 운동이 최고”… ‘이 질환’ 위험 쑥 내려갔다,Culture
1743,[잇슈 컬처] 전두환 손자 전우원이 그린 웹툰 화제…무슨 내용?,Culture
1744,낮 최고 19도 포근한 봄날씨…미세먼지 ‘나쁨’ [오늘날씨],Culture
1745,"“밥도둑이다” 경수진, 비타민C·칼슘 많은 ‘이것’ 소개… 뭐지?",Culture
1746,키 성장 치료 고민된다면…‘골연령’부터 체크하세요,Culture
1747,‘위증죄’는 알겠는데…‘모해위증죄’가 뭔가요?[박상홍 변호사의 3분 판례],Culture
1748,"계엄의 밤, 사표는 왜 한 장뿐이었을까 [기자의 추천 책]",Culture
1749,"“이것도 안 팔리면 마트장사 어떡하나”...신선식품 판매, 4년만에 감소",Culture
1750,[출근길 날씨] 오늘도 포근한 봄 날씨…대기 건조,Culture
1751,"""지금 끊어야 160만원 아낀다""…유류할증료 3배 인상에 '선(先)발권' 러시",Culture
1752,"[날씨클릭] 오늘 완연한 봄 날씨...대기 건조, 화재 주의",Culture
1753,"어둠으로 힐링하는 시대, 눈·목 건강엔 해롭다",Culture
1754,“기침 2주 넘으면 ‘이 질환’ 의심”… 혈당 문제 있으면 더 위험?,Culture
1755,"구혜선, 체중 46kg 인증…‘이 습관’ 지켰더니 살 빠졌다고?",Culture
1756,현대차 팰리세이드 전동시트 결함…5만 7987대 리콜,Culture
1757,"빨래한 옷에서 나는 퀴퀴한 냄새, 세탁기 속 ‘이곳’ 때문",Culture
1758,성장세 주춤한 제네시스의 ‘3대 승부수’… GV90·하이브리드차·EREV,Culture
1759,"김창영 원텍 부사장 ""삼성전자서 쌓은 경험 이식…브랜드력 강화""",Culture
1760,"전동시트 사고 팰리세이드, 국내서도 리콜…5만8000대",Culture
1761,낮 최고 19도 포근한 봄날…일교차 최대 '20도' [오늘날씨],Culture
1762,"""꽃가루가 몰려오고 있다""…알레르기 시즌에 대비하는 방법 [헬스톡]",Culture
1763,"50kg 뺀 30대 女, ‘이 음식’이 비결이라는데… 뭐야?",Culture
1764,"[날씨] 중부, 경북 중심 건조특보… 아침 쌀쌀, 한낮 포근",Culture
1765,BTS 광화문 공연이 남긴 질문들...끝나고도 갑론을박,Culture
1766,[함영준의 마음PT] 울퉁불퉁한 사람이 더 멀리 간다,Culture
1767,"'폭싹' 애순이가 읽던 그 책…""올해 60돌, 굴곡 버텨온 힘은 사람""",Culture
1768,겉보기엔 날씬한데 배만 ‘볼록’?…암보다 더 위험한 ‘이 병’ 조심해야 [헬시타임],Culture
1769,"“차라리 물 마셔라”…점심 뒤 달콤한 한 잔, 당뇨 533만명 경고",Culture
1770,"사라진 삼촌 찾아 러시아로…'헤요카' 감독 ""징집한 모습도 봤죠""[왓더OTT]",Culture
1771,"'정책' 중심 인청…박홍근, 정치인 출신 첫 기획처 장관 되나",Culture
1772,"4·19, 6·25, 8·15… ‘기념시’도 많이 쓴 ‘나그네’ 시인 박목월",Culture
1773,스트레스에 시달리는 사람 꼭 먹어라… 코르티솔 줄이는 음식 5가지,Culture
1774,[오늘 날씨] 낮 온도 최대 19도 포근…수도권·충청 미세먼지 ‘나쁨’,Culture
1775,"“AI와 인간 탐욕의 잘못된 결합, 교황이 진짜 걱정하는 이유죠”",Culture
1776,"BTS에 100억+α 쏟아부은 넷플릭스, OTT 지형도 바꿀까",Culture
1777,“하루 종일 폭식 막아줘” 약사가 매일 아침 먹는다는 ‘이것’,Culture
1778,"“살 안 찌는 이유 있었네” 송해나, 술 마시고 ‘이것’ 하던데",Culture
1779,"“숨 안 쉬고 있었다”..19세 엄마, 9개월 새 아들 둘 돌연사로 잃어 [헬시타임]",Culture
1780,바람불 때 '찌릿'한 치아 시림 증상...원인 알고보니 '이것' 때문? [데일리 헬스],Culture
1781,"'한류 수도' 서울, 공연할 곳이 없다",Culture
1782,"털기만 해선 안 돼… 男, 소변 본 후 꼭 닦아라",Culture
1783,[오늘의 설교] 그러나 작정한 일을 이루시는 하나님,Culture
1784,"‘16kg 감량’ 한혜연, “위고비 절대 아냐” 해명… ‘이것’ 줄이니 빠졌다",Culture
1785,"암, 절반은 예방 가능… 40세 넘으면 ‘이 음식’부터 끊어라",Culture
1786,231년 前 한국의 흥 그대로… ‘봄날’처럼 돌아온 BTS,Culture
1787,두쫀쿠·봄동비빔밥 다음엔 ‘버터떡’… ‘떴다방’ 같은 음식 유행… 누가 만드나,Culture
1788,"박보검, 사업자 등록하고 시골 이발사로… 진심 통했다",Culture
1789,"“‘이것’ 하나 바꿨을 뿐인데”…이부진, 분위기 확 달라진 이유",Culture
1790,"“살찌는 최악의 습관”… 한의사가 경고한 3가지, 뭘까?",Culture
1791,병원서 실수로 ‘펜타닐 10배’ 투여… 심정지 겪은 50대 女,Culture
1792,"장항준, ‘왕사남’ 러닝개런티 60억 못받나…“잘될 줄 모르고 지분 조금 걸어”",Culture
1793,잇몸병 무시하다 큰코 다친다… 식도·대장암 위험 높여,Culture
1794,"이젠 MZ 질환! 배달음식·몸짱욕심, ‘젊은 통풍’ 불러",Culture
1795,"식도암, 수술이 끝 아니다… 2차 암·심폐 질환 사망 위험 높아",Culture
1796,'낮 최고 19도' 일교차 크고 미세먼지 '나쁨'…뭘 입어야 할지 고민이라면 [오늘 날씨],Culture
1797,AI품은 첫 벤츠 전기차…로보택시 수준 자율주행,Culture
1798,“비싼 트리트먼트인데 왜 효과 없지?” 사용법 바꿔라,Culture
1799,[날씨] 당분간 포근한 봄 날씨…서쪽 탁한 공기,Culture
1800,[이기호의 유머란 무엇인가] 전쟁과 절망 앞에서 농담과 유머가 필요한 이유,Culture
1801,[내일날씨] 따뜻하고 서쪽은 '미세먼지' 나쁨…강풍에 화재 주의,Culture
1802,키친타월 ‘이렇게’ 쓰면 물건 망가진다...피해야 할 곳 6,Culture
1803,"""맥주는 독, 와인은 약?"" 34만 명 분석하니 '주종' 따라 수명 갈렸다",Culture
1804,SNS 난리난 ‘3일 정어리 다이어트’…전문가들 고개 젓는 이유,Culture
1805,"뇌 노화 ‘2년 반’ 늦추는 마인드 식단, 뭐야?",Culture
1806,“어차피 암은 유전” 절망했는데…“최대 50% 예방 가능” 방법 있다,Culture
1807,약 먹어도 속 쓰림 안 낫는다면? 위암 위험 알리는 징후 6가지,Culture
1808,"기하성, 교단 통합 8년 만 '전국장로회연합회' 통합 마무리",Culture
1809,“살아난 게 기적” 말벌 떼 습격 받은 70대 女 봤더니?,Culture
1810,셔츠 위에 슬립 한 겹…레이어드로 진화한 '란제리 코어 [트렌드+],Culture
1811,"'월드컵 누구나 쉽게 보나'…""절반씩 내자"" 최종 제안",Culture
1812,"‘왕사남’ 장항준, 60억 성과급 날렸나…“러닝 개런티 없어” 탄식",Culture
1813,[날씨/XR] 개나리 활짝…한 달 앞선 봄기온 '온화',Culture
1814,차 안에서 집 안 가전 원격 제어…현대차·기아 ‘카투홈’ 서비스,Culture
1815,[날씨] 전국 곳곳 건조주의보 이어져‥서쪽 지역 미세먼지 '나쁨',Culture
1816,[요망진 중년] 주식이 배로 뛴 것도 아닌데 직장동료의 부러움을 산 이유,Culture
1817,"“맛있는데 몸에도 좋아” 정재형, ‘이것’으로 스테이크 만들던데… 뭐야?",Culture
1818,"[날씨] 서울 20.1℃, 한낮 따뜻…내일도 큰 일교차",Culture
1819,"""주사로 230kg 감량했지만, 부작용 당황""… 남는 피부 '앞치마'처럼 변했다?",Culture
1820,"“K드라마 성지 가자” 완주·경주·속초도 들썩 [심층기획-BTS, K팝 새 이정표]",Culture
1821,"[퇴근길 날씨] 한낮, 포근한 봄…내일 서쪽 초미세먼지",Culture
1822,"성수동 맛집 돌고 올영·다이소 털이… ‘K 일상’ 따라하다 [심층기획-BTS, K팝 새 이정표]",Culture
1823,[날씨] 내일도 예년보다 따뜻해...미세먼지 '주의',Culture
1824,"'BTS 호외요, 호외' 난리 나더니…7배 웃돈에도 日서 '불티' [이슈+]",Culture
1825,서유럽 물가 뛰니 북유럽 가성비 생겼다..모두 기획전 눈길,Culture
1826,"“다이소 보고 있나?”...이마트, 1000원 상품 흥행에 통큰 결정 내렸다",Culture
1827,"조기 위암, 위 절제 없이 내시경술로 제거",Culture
1828,수백억 드라마 대신 스포츠·예능…숏폼은 커머스 관문으로 진화,Culture
1829,구독료 1만 원도 아깝다…계정 공유·광고 요금제로 향하는 OTT 이용자들,Culture
1830,"고구마, 장 건강에는 좋은데 “혈당 관리는?”…가장 나쁜 식습관은?",Culture
1831,"몸에 좋은 줄 알았던 ‘이 음식’, 알고 보니 설사 주범",Culture
1832,잠자기 전 매일 아보카도를 먹었더니 생긴 변화,Culture
1833,"[날씨] 포근한 봄 날씨, 큰 일교차…전국 곳곳 건조주의보",Culture
1834,"뮤지컬 '여명의 눈동자' 조기 종료…제작사 ""진심 사과, 경영상 이유""",Culture
1835,누구도 가까이하지 않는 환자들 곁에 평생 머무셨죠,Culture
